"","palabra","media_agrado","media_activacion","media_imaginabilidad"
"1","población",-0.2,0,0.6
"2","obra",0.2,0.4,0.4
"3","dormir",1,-0.6,1
"4","dar",0.8,1,1
"5","realizar",0.6,1,0.8
"6","haber",0,-0.2,-0.2
"7","amor",1,0.6,0.4
"8","aparecer",0,0.6,0.6
"9","seguir",0.4,0.6,0.8
"10","especie",0.2,-0.2,0.6
"11","dejar",-0.4,1,1
"12","nombre",0.167,-0.5,0.167
"13","solo",-0.6,-0.2,1
"14","corazón",0.8,0.4,1
"15","lograr",1,1,0.6
"16","entender",1,0.8,0.6
"17","acercar",0.2,1,0.6
"18","grande",0,-0.2,0.6
"19","ojo",0.2,-0.2,1
"20","bueno",1,0.2,0.6
"21","trabajar",0.6,1,1
"22","permitir",0.8,1,0.4
"23","junto",0.6,0.2,0.6
"24","hablar",0.2,1,1
"25","hacer",0.4,1,0.8
"26","tiempo",0,0,0.2
"27","nuevo",0.8,-0.4,0.6
"28","mirada",0.4,0.6,0.8
"29","entrar",0.2,1,1
"30","cuerpo",0,0.2,1
"31","tipo",-0.2,0,-0.8
"32","cosa",0,0,-0.4
"33","volver",-0.4,0.2,0.4
"34","propio",0.4,0,0.6
"35","más",0.8,0.2,0.2
"36","llamar",0.2,1,1
"37","canción",1,0,1
"38","alcanzar",1,1,0.8
"39","pensar",0.8,0.6,1
"40","agua",0.6,0,1
"41","aire",0.6,0,0.2
"42","jugar",1,1,1
"43","voz",0.4,0.8,0.8
"44","poder",0.8,0.8,0.2
"45","sentar",0.4,0.6,0.8
"46","mar",0.8,0.6,1
"47","mirar",0.4,0.8,1
"48","río",0.6,0.4,0.8
"49","dolor",-1,0.6,0.8
"50","caso",0,-0.2,-0.6
"51","mantener",-0.2,1,-0.4
"52","historia",0.4,0,0
"53","región",0,-0.2,-0.4
"54","abrir",0.4,1,1
"55","último",-0.4,-0.2,0.2
"56","hermano",0.6,0.2,0.8
"57","lugar",0,-0.4,0
"58","junto",0.4,0.2,0.4
"59","presentar",0.4,1,0.4
"60","producir",0.4,1,0.2
"61","estar",0.8,0.2,0.4
"62","venir",0.4,1,1
"63","palabra",0,0.2,0.2
"64","habitante",0.5,-0.167,0.833
"65","fin",0,0.2,0.2
"66","sólo",0,-0.2,0
"67","alma",0.5,0,-0.5
"68","rey",-0.167,0,0.167
"69","mundo",0.4,0,0.8
"70","ser",0.4,0.4,0.2
"71","número",0.167,-0.167,0.667
"72","considerar",0.333,0.5,-0.333
"73","querer",1,0.8,0.4
"74","recordar",0.333,0.333,0.333
"75","amar",1,1,0.667
"76","creer",0.6,0.6,0.2
"77","pedir",-0.5,0.5,0.5
"78","caer",-0.5,-0.333,0.333
"79","siguiente",0.167,0.333,0.167
"80","trabajo",0.333,0.667,0.5
"81","nacional",0.4,0.2,0.8
"82","convertir",-0.2,1,0
"83","tener",0.6,-0.2,0.8
"84","lado",0,-0.4,0.4
"85","punto",0,-0.4,0.6
"86","esperar",-0.8,-1,0.8
"87","amigo",1,0.4,1
"88","manera",0,0,-0.8
"89","total",0,-0.2,-0.4
"90","poder",0.4,0.8,0.4
"91","ubicar",-0.2,1,0.4
"92","crear",1,1,0.2
"93","calle",0,-0.4,0.8
"94","terminar",0.2,1,0.8
"95","forma",0.2,-0.2,-0.6
"96","sistema",0.2,0.2,-0.8
"97","año",0,-0.2,1
"98","existir",0.6,0.2,-0.2
"99","hijo",0.6,0.2,1
"100","partir",0,0.8,0.6
"101","comenzar",0.6,1,0.8
"102","luz",0.6,0,1
"103","buscar",0.2,1,0.8
"104","paso",0,0.4,0.2
"105","vida",0.8,0.2,0.4
"106","país",0.2,-0.2,0.8
"107","encontrar",0.6,0.6,1
"108","decidir",0.2,1,-0.2
"109","parte",0,-0.2,0.8
"110","noche",0.6,0,1
"111","llevar",0,0.6,1
"112","poner",0.4,1,1
"113","hora",0,-0.6,0.2
"114","incluir",0.2,0.6,-0.2
"115","decir",0.2,0.8,1
"116","escuchar",0.4,0.6,0.8
"117","perder",-1,0.4,1
"118","grupo",0.6,0,0.8
"119","libro",0.6,0,1
"120","fuerza",0.4,0.4,0
"121","familia",1,0.4,0.8
"122","llegar",0.4,1,1
"123","cielo",0.8,0.4,0.6
"124","zona",0,-0.2,-0.4
"125","verdad",0.8,0.2,-0.2
"126","persona",0.4,0.6,0.8
"127","norte",0.2,-0.4,0.4
"128","hombre",0.4,0.4,1
"129","cuenta",0,-0.2,0.4
"130","puerta",0,-0.6,1
"131","dirigir",0,0.8,0.2
"132","momento",0.2,-0.4,-0.2
"133","muerte",-0.8,0,0.2
"134","municipio",0,-0.2,0.6
"135","tratar",0.2,0.8,-0.2
"136","quedar",0,-0.4,0.2
"137","unir",0.4,0.8,0.8
"138","cabeza",0,0,1
"139","tierra",0.4,0,1
"140","mismo",0,0.2,-0.4
"141","centro",0.4,-0.4,0.4
"142","aun",0,-0.2,-1
"143","casa",0.8,-0.6,0.8
"144","gente",0.4,0.2,1
"145","principal",0.8,0.2,0.2
"146","tan",0,-0.2,-0.6
"147","mejor",0.8,0.4,0.2
"148","preguntar",0.2,1,0.4
"149","saber",0.8,1,0
"150","formar",0.4,1,0
"151","único",0.4,0.2,0.6
"152","vez",0,0,-0.2
"153","camino",0.6,0.4,0.6
"154","recuerdo",0.2,-0.2,1
"155","mujer",0.6,0.6,1
"156","conocer",0.8,0.8,0.4
"157","parecer",0.4,0.2,0.4
"158","olvidar",0,0.6,0.4
"159","metro",0.167,0,1
"160","importante",0.333,0.333,0.333
"161","universidad",0.714,0.857,1
"162","siglo",0,-0.8,0.6
"163","color",0.4,0,1
"164","pasar",0,0.4,0.6
"165","correr",0.8,1,1
"166","mano",0.2,0,1
"167","contar",0.4,1,0.8
"168","deber",-0.4,0,0.8
"169","salir",0.6,1,1
"170","vivir",0.8,1,1
"171","estado",-0.2,-0.2,-0.2
"172","ver",0.4,0.6,0.8
"173","pequeño",0.2,-0.4,1
"174","padre",1,0.6,1
"175","gobierno",0,0.667,0.833
"176","condado",0,-0.8,0.2
"177","utilizar",0.167,0.667,0.333
"178","madre",1,0.8,1
"179","sentir",0.6,0.6,0.4
"180","tanto",0,0.2,-0.2
"181","cambiar",0.333,0.667,0.167
"182","final",0.4,0.2,0.6
"183","escribir",0.2,0.8,1
"184","día",0.4,0.2,1
"185","sueño",0.4,0.2,0.4
"186","usar",0,0.8,0.2
"187","empezar",0.4,1,0
"188","tomar",0,0.6,0.8
"189","pesar",-0.4,0.2,0.4
"190","equipo",0.8,0.4,0.8
"191","ciudad",0.4,0.4,1
"192","juego",1,1,0.8
"193","provincia",0.6,0,0.8
"194","gran",0.4,0.2,0.6
"195","general",0.2,-0.2,-0.6
"196","morir",-0.6,0.4,0.6
"197","nacer",0.8,1,0.8
"198","niño",0.6,0.8,1
"199","mayor",0.333,0.167,1
"200","recibir",0.667,0.167,0.667
"201","serie",0.333,0.167,0
"202","silencio",0.667,-0.167,1
"203","realidad",0.333,0.333,0.667
"204","real",0.333,0.333,0.5
"205","proyecto",0.5,0.167,0.667
"206","estudio",0.5,0.5,0.5
"207","tocar",0.333,0.833,0.833
"208","conseguir",0.333,0.5,0.667
"209","película",0,0.143,0.571
"210","mes",0.2,0,0.2
"211","sol",0.4,0.6,1
"212","diferente",0.6,0.4,0
"213","ganar",0.6,0.8,0.4
"214","isla",0.8,0,0.8
"215","censo",0,0.6,0.2
"216","intentar",0.8,0.6,0.4
"217","mostrar",0.6,0.6,0.8
"218","viejo",0.2,0.2,0.4
"219","humano",0.8,0.8,0.8
"220","caminar",0.8,1,1
"221","pie",0,0.4,0.8
"222","orden",0.167,0.333,0.5
"223","gustar",0.833,0.833,0.333
"224","llorar",-0.833,0.833,0.833
"225","levantar",-0.2,0.6,0.4
"226","cara",0.4,-0.2,0.2
"227","rostro",0.2,0,0.2
"228","señor",-0.2,0.2,0.4
"229","música",1,0.6,0.2
"230","raza",-0.2,0.4,1
"231","idea",0.8,1,0.4
"232","viento",0.6,0.6,0.6
"233","iglesia",-0.6,0,1
"234","través",0,0,-1
"235","problema",-0.8,0.4,0.4
"236","álbum",0.2,0.2,0.6
"237","desear",0.6,0.8,0.2
"238","boca",0.4,0.4,1
"239","mente",0.6,0.4,0
"240","imagen",0.4,0,0.6
"241","miedo",-1,0.8,0.6
"242","época",0,0,0
"243","acabar",0.2,0.6,0.2
"244","piel",0.6,0,1
"245","carrera",0.2,0.8,1
"246","construir",0.8,1,1
"247","obtener",0.4,1,-0.2
"248","brazo",0.2,-0.2,1
"249","fuerte",0.6,0.8,0.2
"250","demografía",0,-0.167,-0.5
"251","club",0.667,0.5,0.667
"252","publicar",0.167,1,0.333
"253","resto",0.167,0,-0.167
"254","observar",0.333,0.667,0.667
"255","situar",0,0,0
"256","temporada",0.333,0.167,-0.333
"257","lanzar",0.333,1,0.833
"258","cerrar",-0.333,1,1
"259","servicio",0.6,0.4,-0.4
"260","beso",1,1,1
"261","presidente",-0.2,0.8,1
"262","sentido",0.4,0.4,-0.4
"263","sonrisa",1,1,1
"264","necesitar",0.4,1,0
"265","razón",0.6,0.6,-0.2
"266","miembro",0.4,0.6,0.8
"267","movimiento",0.6,0.6,0.8
"268","regresar",0.4,1,0.8
"269","relación",1,1,0.4
"270","frente",0,0,0.2
"271","escuela",0.8,1,1
"272","papel",0.4,0.4,0.8
"273","línea",0.2,0,1
"274","destacar",0.6,0.8,0.2
"275","ejemplo",0.2,0.6,0
"276","descubrir",1,1,0.4
"277","servir",0,0.8,0.4
"278","arte",1,0.8,0.6
"279","sangre",0,0,1
"280","estrella",1,0.6,1
"281","edad",0,0,0
"282","derecho",0.2,0.6,0
"283","labio",0.4,0.4,1
"284","dios",0,0,-0.4
"285","pertenecer",0.4,0.4,-0.4
"286","continuar",0.6,0.8,-0.2
"287","matar",-1,0.4,0.6
"288","participar",0.8,1,0.4
"289","posible",0.8,0.2,0.4
"290","pueblo",0.6,-0.2,0.6
"291","medio",0,0,0.6
"292","despertar",0.8,0.8,1
"293","espacio",0.4,-0.6,0
"294","distrito",0,0,0
"295","minuto",-0.2,0.2,0
"296","cantar",0.8,1,0.8
"297","igual",0.2,0,0.6
"298","departamento",0.2,-0.2,0.8
"299","sacar",0.2,1,0.8
"300","nada",0,-0.4,0
"301","cambio",0.6,0.8,0
"302","gracia",0.8,0.2,0
"303","blanco",0.6,-0.4,1
"304","personaje",0.8,0.6,0.4
"305","semana",0,0.4,0.6
"306","ocupar",-0.2,0.8,0.2
"307","bajo",0,-0.2,1
"308","antiguo",0.6,-0.6,0.8
"309","localidad",0,0,0
"310","lleno",0.2,-0.4,1
"311","ser",0.8,1,0.2
"312","ocurrir",0.4,0.8,-0.6
"313","principio",0.4,0.4,-0.2
"314","negro",0,-0.4,0.8
"315","oscuro",0,-0.4,0.8
"316","ejército",-0.4,0.6,1
"317","densidad",0,-0.2,-0.2
"318","frente",0,-0.2,0
"319","hermoso",1,0.2,0.6
"320","feliz",1,0.8,0.4
"321","poblacional",0,-0.2,-0.4
"322","situación",0,0,-0.4
"323","detener",0,1,0.4
"324","ayudar",0.6,1,0.6
"325","leer",0.8,0.6,0.8
"326","anterior",0.2,-0.2,-0.4
"327","largo",-0.2,0,0.4
"328","acompañar",0.8,1,0.4
"329","abandonar",-0.8,0.8,0
"330","distinto",0.2,0.2,0.2
"331","social",0.4,0,0
"332","título",-0.2,0,0.6
"333","origen",0.2,-0.2,-0.2
"334","desarrollar",0.2,1,0.4
"335","actual",0,-0.2,0.2
"336","bello",0.8,-0.4,0.6
"337","mayoría",-0.2,0,0.4
"338","dedicar",0.4,0.8,0.6
"339","área",0.2,-0.6,0.6
"340","chico",-0.2,-0.4,1
"341","importar",0.4,0.4,0.6
"342","clase",0.4,0.2,0.6
"343","político",-0.2,0.4,-0.4
"344","internacional",0.2,-0.2,0
"345","especial",0.6,-0.2,0.4
"346","sentimiento",0.4,0,0.2
"347","alto",0.2,-0.2,0.6
"348","nivel",0.2,0.2,0.4
"349","árbol",0.6,-0.4,1
"350","disco",0.4,0,1
"351","pensamiento",0.6,0.4,0
"352","cama",0.6,-0.2,1
"353","extraño",0.2,-0.2,0.2
"354","reconocer",0.4,1,0.2
"355","sufrir",-0.6,0.6,0.6
"356","superficie",0.2,-0.4,0.6
"357","actividad",0.6,0.8,0.4
"358","programa",0,0.6,0.2
"359","edificio",0,-0.8,1
"360","responder",0.429,0.571,0.286
"361","comer",0.4,1,0.6
"362","representar",0.4,0.8,0.4
"363","iniciar",0.6,1,0.4
"364","establecer",0.167,0.833,-0.5
"365","estación",0.333,-0.5,0.667
"366","hecho",0.167,0.167,-0.333
"367","mundial",0.333,0.167,0.5
"368","suelo",0.5,0,1
"369","oficina",0.2,0,1
"370","ventana",0.8,-0.4,1
"371","empresa",0,0.4,0.6
"372","éxito",0.8,0.6,0.8
"373","poseer",0.6,0.6,0.8
"374","ley",0,0.8,0.8
"375","compañía",1,1,1
"376","suceder",0.4,0.6,0.8
"377","instante",0.4,0,0.8
"378","cubrir",0.4,1,0.6
"379","sociedad",0.6,0.6,0.8
"380","reír",1,1,1
"381","traer",0,1,0.8
"382","versión",0,0,-0.2
"383","lengua",0.2,0.8,0.8
"384","uso",0,0.6,0.4
"385","cantón",0.2,-0.2,0.2
"386","entregar",0.4,0.8,0.8
"387","comprender",0.667,0.5,0.5
"388","vivo",0.5,0.833,0.667
"389","territorio",0.167,-0.333,0.833
"390","luna",0.833,-0.333,1
"391","vuelta",0.167,0.5,0.5
"392","ofrecer",0.75,1,0.875
"393","destino",0.4,0,0.2
"394","hoja",0.4,-0.2,1
"395","sombra",0.4,-0.2,1
"396","diverso",0.4,0.2,0.2
"397","base",0,0,0.2
"398","público",0.4,0.4,0.8
"399","mover",0.2,0.8,0.6
"400","libre",0.8,0.6,0.2
"401","batalla",-0.6,0.8,0.8
"402","fondo",0,-0.4,0.8
"403","acariciar",0.8,1,1
"404","millón",0,0,0.2
"405","fuego",0.8,1,1
"406","flor",1,0.2,1
"407","don",0.8,0.2,0.6
"408","resultar",0,0.4,0
"409","planta",1,0.2,1
"410","acuerdo",0.4,1,0.6
"411","nombrar",0,0.8,0.4
"412","joven",0.2,0.2,0.6
"413","crecer",0.8,1,0.6
"414","premio",0.8,0.4,0.8
"415","componer",0.6,1,0.6
"416","viaje",0.6,0.8,0.8
"417","modo",0,-0.2,-0.4
"418","sonido",0.6,0.4,1
"419","compañero",0.6,0.2,0.8
"420","suponer",0,0.6,0
"421","desarrollo",0.6,1,0.8
"422","menor",0,0,0.6
"423","construcción",0.4,1,0.6
"424","soler",0.2,0.6,0
"425","animal",0.8,0.6,0.8
"426","popular",0,0.2,0.8
"427","soñar",1,0.8,1
"428","fundar",0,1,1
"429","volar",0.6,1,1
"430","rojo",0.6,0,0.8
"431","cargo",0.2,0.4,0.8
"432","contener",0.2,0.6,0.6
"433","fútbol",-0.2,1,1
"434","joven",0.2,0.4,1
"435","valor",0.4,0.2,0.6
"436","medio",0,0,0.2
"437","proceso",0,0.8,0.6
"438","gritar",-0.4,1,1
"439","estilo",0.4,0.4,0.4
"440","presencia",0.2,0.6,0.4
"441","común",0,0,0
"442","ocasión",0.4,0.2,0.4
"443","letra",0,-0.2,0.8
"444","lluvia",0.6,0.8,1
"445","división",0,0.8,0.8
"446","allá",0,0.2,0.6
"447","estudiar",0.2,1,1
"448","término",0,-0.2,-0.2
"449","reino",0.4,0.2,0.6
"450","triste",-1,-0.167,1
"451","lágrima",-0.167,0.5,1
"452","producción",0.5,0.833,0.5
"453","dirección",0.167,0.833,0.5
"454","romper",0,1,1
"455","república",0.333,0.167,0.167
"456","respuesta",0.167,0.833,-0.167
"457","acción",0.6,1,0.8
"458","necesario",0,-0.2,-0.4
"459","natural",0.2,0,0.4
"460","subir",0.4,1,1
"461","autor",0.2,0.6,1
"462","disponer",0.4,0.4,-0.2
"463","soledad",-0.6,-0.8,1
"464","malo",-1,0.2,1
"465","oficial",0,0.2,0
"466","televisión",0.2,-0.2,1
"467","cabo",-0.2,-0.4,0.4
"468","todavía",0.4,-0.2,-0.2
"469","geografía",0.2,-0.2,0.4
"470","desaparecer",0,0.4,1
"471","separar",-0.2,1,0.6
"472","económico",0.2,-0.2,0.6
"473","significar",0,0,-0.2
"474","favor",0.6,0.8,0.6
"475","jamás",-0.2,0,0.2
"476","director",0,0.4,0.8
"477","corresponder",0.2,0.2,0.4
"478","habitación",0,0,1
"479","género",0,-0.2,0
"480","comunidad",0.6,0,1
"481","cierto",0.4,0.2,-0.2
"482","puerto",0.4,-0.2,0.8
"483","sonreír",1,1,1
"484","deseo",0.4,1,0.4
"485","aceptar",0.6,0.8,0.6
"486","posición",0.2,0.2,0.4
"487","década",0.2,0,0.2
"488","verde",0.4,0.2,1
"489","dedo",0.2,0.2,1
"490","alejar",0,1,1
"491","esposo",-0.2,0.4,0.8
"492","pared",-0.4,-0.2,1
"493","besar",0.6,0.8,1
"494","basar",0.2,0.2,0.2
"495","barrio",0.4,0.4,1
"496","efecto",0.4,0.8,-0.4
"497","escapar",-0.2,1,0.4
"498","cruzar",0.2,1,0.6
"499","oír",0.6,0.2,1
"500","parque",0.8,0.2,1
"501","fiesta",0.4,0.8,1
"502","imaginar",0.6,0.4,0.6
"503","negro",0.4,0.4,1
"504","perro",0.2,0.6,1
"505","permanecer",0.6,-0.4,0
"506","evitar",-0.2,1,0.4
"507","bajar",0,0.8,0.8
"508","casar",0.5,0.833,0.833
"509","elegir",0.8,1,0.2
"510","recorrer",0.2,1,0.6
"511","cumplir",0.8,0.8,0.2
"512","fuente",0.2,-0.8,1
"513","segundo",0,-0.4,-0.2
"514","memoria",0.2,0.4,0
"515","esconder",-0.4,0.8,0.6
"516","cultura",0.8,0.6,0
"517","resultado",0.2,-0.4,-0.2
"518","nuevamente",0,-0.2,-0.2
"519","pecho",0.167,-0.667,1
"520","profesor",0.2,0.2,1
"521","formular",0,0.8,0.2
"522","capital",0.4,-0.2,0.4
"523","existencia",0.6,0,-0.2
"524","episodio",0.2,0,0.4
"525","verdadero",1,0.4,-0.2
"526","figura",0,0,0.8
"527","denominar",0,0.4,-0.4
"528","jefe",-0.4,0.6,1
"529","pena",-0.8,-0.2,0.2
"530","comprar",0.8,1,1
"531","carta",0,0.4,1
"532","notar",0,1,-0.4
"533","mandar",0,1,0.4
"534","atrás",-0.2,-0.2,0.6
"535","marcar",0,0.8,0.4
"536","grito",-0.6,1,1
"537","demasiado",-0.4,-0.2,0
"538","provocar",-0.2,1,0.4
"539","elección",0.2,0.8,0
"540","acto",0,0.8,0.2
"541","modelo",0.2,0,0.4
"542","jugador",0.8,1,1
"543","libertad",1,0.8,0.6
"544","celebrar",1,1,1
"545","espalda",0.2,-0.4,0.8
"546","sitio",0.2,-0.6,0.2
"547","escritor",1,1,1
"548","siquiera",0,-0.4,-0.8
"549","explicar",0.6,1,0.4
"550","cantidad",0,0,0.2
"551","unión",0.8,0.4,0.4
"552","lagrimar",-0.4,0.6,1
"553","apenas",0,-0.167,0.167
"554","aprender",1,1,1
"555","arma",-1,0.6,1
"556","hallar",0.8,1,0.8
"557","distancia",-0.2,-0.4,0.8
"558","simple",0.8,0.2,0.8
"559","teatro",1,0.6,1
"560","par",0.6,0.2,1
"561","andar",0.8,0.8,1
"562","futuro",0.4,-0.2,-0.2
"563","eterno",0.8,0.2,0
"564","condición",0,-0.2,-0.2
"565","militar",-1,0.4,0.6
"566","cuento",1,0.2,1
"567","ángel",0.4,-0.2,0.4
"568","golpe",-0.8,0.4,1
"569","objeto",0.2,-0.4,0.2
"570","organización",0,0.4,0.6
"571","abuelo",0.8,0,1
"572","radio",0.6,0,1
"573","difícil",0,0.2,0.2
"574","viajar",1,0.8,1
"575","capaz",1,0.6,0.6
"576","montaña",0.6,-0.4,1
"577","esperanza",0.8,-0.2,0.6
"578","rodear",0.4,0.6,0.6
"579","preparar",0.4,0.6,0.6
"580","pierna",0.4,0.2,0.8
"581","canal",0.4,0.2,1
"582","numeroso",0,0.2,1
"583","vestir",0,1,1
"584","elemento",0.2,0,0.2
"585","control",-0.2,0,0.6
"586","calor",0.4,0.4,1
"587","oeste",0,0,0.6
"588","función",0,0,0.2
"589","atención",0.4,0.4,0.6
"590","compartir",0.8,1,1
"591","blanco",0.2,-0.2,1
"592","necesidad",0,0.4,0.4
"593","musical",1,0.6,0.6
"594","piso",0,-0.2,1
"595","seguro",0.8,0.2,0.4
"596","ingreso",0.2,0.6,0.2
"597","vender",0,0.8,0.8
"598","simplemente",0.4,0.2,-0.2
"599","político",-0.8,0.4,0.4
"600","completo",0.4,0.2,0.6
"601","interés",0.4,0.4,0.8
"602","causar",0,0.6,0.2
"603","verano",1,0.2,1
"604","ala",0.6,0.4,1
"605","mitad",0,-0.4,0.4
"606","ciencia",0.6,1,1
"607","hogar",1,0,1
"608","faltar",-0.4,0.4,0.2
"609","rápido",0,1,0.2
"610","partido",0.2,0.8,0.8
"611","enorme",0.2,0.2,0.8
"612","nube",0.6,-0.4,1
"613","falta",-0.2,0,0
"614","guardar",0,0,0.2
"615","mesa",0,-0.4,1
"616","extender",0,0.8,0
"617","oro",0.4,-0.8,1
"618","juntar",0.4,1,0.2
"619","similar",0,-0.2,0
"620","enviar",0,1,0.2
"621","histórico",-0.2,-0.6,0.2
"622","interpretar",0.6,0.8,0
"623","piedra",0,-0.8,1
"624","frío",-0.4,0,1
"625","museo",0.8,-0.2,1
"626","original",0.8,0,0.2
"627","civil",0,0.2,-0.6
"628","luchar",0.167,1,0.833
"629","campo",1,-0.286,1
"630","medida",0,0.167,-0.167
"631","plan",0.333,0.667,0.667
"632","apoyar",0.4,0.6,1
"633","información",0.2,0,0
"634","producto",0,-0.2,0.6
"635","unidad",0.4,0.2,0.4
"636","cercano",0.4,0.2,0.6
"637","energía",0.8,0.8,1
"638","alegría",1,1,1
"639","ayuda",0.6,1,0.6
"640","llenar",0.4,1,0.8
"641","colocar",0,1,0.8
"642","avanzar",0.6,1,1
"643","encuentro",1,0.8,1
"644","especialmente",0.2,0.2,0.2
"645","escena",0.2,0.2,0.4
"646","capacidad",0.4,0.4,0.6
"647","profundo",0.6,0.6,0.8
"648","investigación",0.2,1,0.4
"649","largo",0,0,0.6
"650","jardín",1,-0.4,1
"651","gana",0.4,0.8,-0.4
"652","ropa",0.4,-0.2,1
"653","cine",0.8,0,1
"654","oscuridad",-0.4,-0.6,0.8
"655","realmente",0,0.4,0
"656","retirar",0,0.6,0.6
"657","red",0,-0.4,1
"658","parar",0,1,1
"659","tema",0,-0.4,-0.4
"660","describir",0.2,0.6,0.4
"661","enfrentar",-0.4,1,0.6
"662","parir",0.2,1,1
"663","suerte",1,0.2,0.6
"664","edición",0,0.6,0.2
"665","ataque",-1,1,1
"666","abrazar",1,1,1
"667","consejo",0.8,0.8,0.8
"668","café",1,0,1
"669","muchacho",0,-0.2,0.6
"670","cuarto",0,-0.6,0.8
"671","revista",0.2,-0.2,1
"672","tristeza",-0.8,0,1
"673","carne",-0.2,-0.2,1
"674","comuna",0.2,0.2,-0.2
"675","enamorar",1,1,0.6
"676","espejo",0.6,-0.4,1
"677","conjunto",0.4,0.2,0.6
"678","característica",0.2,0,-0.2
"679","corto",-0.2,-0.4,0.8
"680","claro",1,-0.2,0.6
"681","pacífico",1,0,0.8
"682","indicar",0,0.8,1
"683","felicidad",1,0.8,0.8
"684","sensación",0.2,0.8,0.2
"685","oportunidad",1,0.8,0.6
"686","temer",-0.8,0.4,0.6
"687","campeonato",0.6,0.6,0.4
"688","motivo",0.2,0.2,-0.2
"689","rato",0.2,0.2,0.2
"690","derrotar",-0.4,0.8,0.6
"691","peso",-0.2,-0.2,0.6
"692","sencillo",0.6,0.4,0.8
"693","duro",-0.2,0.6,0.8
"694","olor",0,0.4,0.6
"695","duda",-0.4,-0.2,-0.4
"696","puesto",0,0.4,-0.2
"697","actuar",0.8,1,1
"698","principalmente",0,0.2,-0.4
"699","referir",0,0.4,-0.6
"700","detrás",0,-0.4,0.4
"701","destruir",-0.8,1,0
"702","prueba",-0.2,0.4,0.2
"703","tenia",-1,0.4,0.4
"704","perfecto",0.8,0.4,0
"705","pelo",0,0,1
"706","pasión",0.6,0.6,0.6
"707","fecha",0.4,0,0
"708","cansar",-0.667,0.333,0.667
"709","beber",1,1,1
"710","lucha",-0.4,1,0.8
"711","poeta",0.8,0.6,0.6
"712","novela",1,-0.2,0.8
"713","dato",0.6,-0.4,0.8
"714","limitar",-0.4,1,0.2
"715","pez",0.6,0.8,1
"716","repetir",-0.2,0.8,-0.2
"717","creación",0.8,1,0
"718","texto",0.6,-0.2,0.8
"719","naturaleza",1,0.2,0.8
"720","torre",0.4,-0.6,1
"721","constituir",0.4,0.8,-0.4
"722","dulce",1,-0.4,1
"723","obligar",-1,1,0.6
"724","mil",0,0,0.2
"725","pagar",-0.6,1,1
"726","estructura",0,-1,0
"727","copa",0.6,-0.6,1
"728","risa",1,1,1
"729","organizar",0.2,1,0
"730","municipal",0,0,0.6
"731","frío",-0.6,0.2,0.6
"732","negar",-0.8,1,0.4
"733","diferencia",0,0,0.2
"734","intento",0.4,0.8,-0.2
"735","vía",0,-0.4,0.2
"736","policía",-0.2,0.2,1
"737","demostrar",0.4,1,-0.2
"738","formación",0.8,-0.2,-0.2
"739","cultural",0.8,-0.2,-0.6
"740","plata",0.8,-0.2,0.8
"741","período",0,-0.2,0.2
"742","surgir",0.6,1,-0.4
"743","pieza",0.4,-0.4,0.4
"744","suave",0.8,0.2,0.6
"745","guerra",-1,0.2,1
"746","vecino",0.2,0.2,0.6
"747","vista",1,0.2,0.4
"748","aspecto",0.6,0,-0.2
"749","meter",0.4,1,0.4
"750","amo",0.2,0.6,0.2
"751","cortar",0,0.8,0.4
"752","distribución",0.2,0.4,0
"753","pregunta",0.2,1,0.4
"754","paz",1,-0.2,0.2
"755","fruto",0.8,0.2,0.6
"756","belleza",1,0.4,1
"757","poema",0.8,0,0.4
"758","suficiente",0.4,0.2,-0.6
"759","famoso",0,0.2,0.4
"760","artículo",0,-0.2,0.2
"761","loco",0,1,0.6
"762","villa",-0.2,0,0.6
"763","perteneciente",0.2,-0.2,-0.4
"764","conservar",0,0.2,-0.4
"765","dia",0.6,0.2,0.8
"766","importancia",0.4,0.4,0
"767","seguridad",0.8,0.8,0.4
"768","educación",0.8,0.8,0.8
"769","pasado",0.4,-0.2,0.8
"770","sector",0,-0.2,0.6
"771","determinar",0.2,0.8,-0.4
"772","declarar",0.2,1,0.6
"773","posibilidad",0.4,0.2,0
"774","dinero",0.8,0.6,1
"775","experiencia",0.8,0.6,0.8
"776","disfrutar",1,1,1
"777","carácter",0.4,0.2,0
"778","velocidad",0.2,0.4,0.4
"779","operación",-0.2,0.8,0.4
"780","decisión",0.4,0.8,0.2
"781","preocupar",0,0.6,0.6
"782","debutar",0.8,1,0.2
"783","contestar",0.6,1,0.8
"784","mencionar",0.4,0.6,0.6
"785","sonar",0.4,0.8,0.8
"786","quitar",-0.571,0.857,1
"787","altura",0.2,-0.2,1
"788","huir",-0.8,1,1
"789","bosque",1,0.2,1
"790","solo",0,-0.4,0.8
"791","imperio",0.4,0,0.6
"792","ordenar",0,1,1
"793","residir",0,0.6,0.8
"794","selección",0,0.4,0.8
"795","fácil",0,-0.2,0.8
"796","ministro",-0.2,0,0.8
"797","dueño",0.2,0.6,1
"798","tropa",0,0.6,1
"799","propiedad",0.6,0,1
"800","ruta",0.4,0.2,1
"801","defensa",0.6,0.2,0.8
"802","actor",0.4,0.8,1
"803","reunir",0.6,1,1
"804","despedir",0.2,0.6,0.8
"805","trasladar",0.6,1,0.8
"806","bailar",0.2,1,1
"807","enfermedad",-0.8,0,0.8
"808","entrada",0.4,0.2,0.8
"809","firme",0.8,0.2,0.6
"810","anunciar",0.6,0.6,0.8
"811","busca",0.2,0.6,0.6
"812","causa",0.4,0.4,0.2
"813","atacar",-0.6,1,1
"814","muerto",-0.6,-0.6,1
"815","pareja",0.8,0.4,1
"816","comercial",0.2,0.2,0.6
"817","visitar",1,1,1
"818","tirar",-0.2,0.6,0.8
"819","relacionar",0.6,0.8,0.6
"820","cabello",0.6,-0.2,0.8
"821","artista",0.4,0.6,1
"822","espíritu",0.6,0.2,0.8
"823","invitar",0.8,1,0.8
"824","local",0.2,-0.2,0.6
"825","firmar",0.2,1,0.8
"826","teoría",0.6,0,0.6
"827","invierno",0.4,-0.2,1
"828","objetivo",0.2,0.4,0.6
"829","puente",0.6,-0.6,1
"830","lentamente",0,0.4,0.8
"831","imposible",-0.4,0,0.8
"832","sostener",0,0.8,0.6
"833","mercado",0.2,0.4,1
"834","transformar",0.8,0.8,1
"835","cadena",-0.8,0,1
"836","personal",0.6,0.4,0.8
"837","serio",0.2,-0.2,0.8
"838","conocimiento",1,0.4,1
"839","planeta",1,0.4,1
"840","solamente",-0.2,0,0.2
"841","comunicación",0.8,0.8,0.8
"842","etapa",0.2,0.4,0.6
"843","integrar",0.4,0.8,0.8
"844","marca",0,0.6,0.8
"845","categoría",0,0.2,0.4
"846","longitud",0,0,0.4
"847","peor",-0.6,0.2,0.2
"848","campaña",0.2,0.6,0.2
"849","moderno",0.4,0.4,1
"850","colegio",1,0.8,1
"851","vuelo",1,0.6,1
"852","grabar",0.2,0.6,0.6
"853","echar",-0.8,0.6,0.4
"854","asomar",0.4,0.4,0.6
"855","instituto",0.4,0.2,0.6
"856","girar",0.6,1,0.8
"857","novio",0.8,0.4,0.6
"858","apoyo",1,1,0.6
"859","tío",1,0,1
"860","preferir",0.6,0.6,0.4
"861","tamaño",0,-0.2,0.6
"862","emplear",0.4,1,0.6
"863","periodo",0,0,0.4
"864","nave",0.4,0.2,0.8
"865","material",0.2,-0.4,0.6
"866","esfuerzo",0.6,1,1
"867","amplio",0.8,-0.2,1
"868","adquirir",0.2,0.6,0.8
"869","tren",0.4,0,1
"870","error",-0.8,0.4,0.4
"871","secreto",-0.2,0.6,0.2
"872","universo",0.6,0.6,0.6
"873","desconocer",-0.6,-0.4,-0.4
"874","federación",0,0.2,0
"875","cuello",0.6,0.2,1
"876","pintura",0.6,0.4,1
"877","elevar",0.8,1,1
"878","ilusión",0.6,0.8,0.4
"879","grado",0,0,-0.2
"880","palacio",0.8,-0.4,1
"881","cámara",0.6,0.8,1
"882","ruido",-0.6,0.6,1
"883","listo",0.8,0.8,0.4
"884","economía",0,0.8,0
"885","actualidad",0,0.8,0.2
"886","proponer",0.6,1,0.4
"887","poesía",0.8,0.8,1
"888","kilómetro",0,0.4,0.8
"889","callar",0,-0.2,0.8
"890","enseñar",1,1,1
"891","público",0.2,0.2,1
"892","sede",0,-0.4,0.8
"893","aumentar",0.4,1,0.8
"894","sorprender",0.8,1,0.8
"895","cuidar",0.8,1,1
"896","hospital",-0.2,0.6,1
"897","ausencia",-0.8,-0.6,0.8
"898","doler",-0.8,0.4,1
"899","posterior",0,0,0.2
"900","llanto",-0.6,0.6,1
"901","cápita",0,-0.4,0.2
"902","respirar",0.6,1,1
"903","marchar",-0.2,1,1
"904","noticia",0,0,0.8
"905","frase",0.2,-0.2,0.8
"906","próximo",0.2,-0.4,0.2
"907","aproximadamente",0,-0.2,0.2
"908","costar",0,-0.2,0.2
"909","inicio",0.4,0.2,0.8
"910","izquierdo",0.2,0.2,0.4
"911","autoridad",0.2,1,1
"912","vino",0.8,0,1
"913","recuperar",0.4,1,0.8
"914","protagonizar",0.4,1,0.8
"915","comienzo",0.4,0,0.6
"916","influencia",0.4,0.8,0.6
"917","rápidamente",0.2,0.6,0.8
"918","habitar",0.4,0.4,0.6
"919","deportivo",0.6,1,1
"920","nación",0.8,1,0.8
"921","avión",0.6,0.6,1
"922","tranquilo",1,0,1
"923","expresión",0.2,0.6,0.4
"924","raro",0.4,0,0.6
"925","debajo",-0.2,-0.4,0.8
"926","reducir",-0.4,0.8,0.2
"927","diseño",0.6,0.6,0.4
"928","festival",0.8,1,1
"929","azul",0.8,0.2,1
"930","tradicional",0.4,-0.2,1
"931","adelante",0.4,0.2,1
"932","cargar",-0.4,0.6,1
"933","directo",0.6,0.8,0.8
"934","proteger",0.8,1,0.8
"935","pobre",-0.6,-0.2,0.8
"936","placer",1,0.2,1
"937","reloj",-0.2,0.2,1
"938","caricia",1,1,1
"939","motor",0.2,0.8,1
"940","doctor",0.2,0.2,1
"941","presente",0.8,0.4,0.4
"942","completamente",0.6,0.6,0.6
"943","página",0.2,0.4,1
"944","playa",0.8,-0.2,1
"945","robar",-1,0.8,1
"946","señalar",-0.2,0.8,1
"947","totalmente",0.2,-0.2,-0.2
"948","vacío",-0.2,-0.4,0.6
"949","incorporar",0.8,0.8,0.2
"950","matrimonio",0.8,0.6,1
"951","capitán",0.4,0.6,1
"952","generar",0.8,0.8,0.2
"953","salvar",1,1,0.8
"954","señal",0.6,0,1
"955","conducir",0.8,1,1
"956","lago",1,0,1
"957","caballo",1,1,1
"958","golpear",-0.6,0.8,0.8
"959","asi",0.2,0,-0.4
"960","metal",0.4,-0.4,0.8
"961","líder",0.4,1,0.4
"962","lejano",-0.4,-0.4,0.6
"963","abrazo",1,0.2,1
"964","daño",-1,0,0.6
"965","recoger",0.2,0.8,1
"966","consecuencia",-0.2,0,0
"967","encender",0.6,1,1
"968","costumbre",0.2,0,0.2
"969","baño",0.6,0.2,1
"970","liga",0,-0.2,0.2
"971","religioso",-0.2,0,0.4
"972","gota",0.6,-0.4,1
"973","dudar",-0.4,-0.4,-0.2
"974","caja",0,-0.2,1
"975","definir",0.6,0.6,0
"976","atravesar",0.2,0.8,0.4
"977","expresar",0.8,0.8,0.6
"978","medio",-0.2,0,0.4
"979","ave",0.8,0.8,1
"980","soldado",-0.6,0.6,1
"981","templo",0.4,0,0.6
"982","calidad",0.6,0.4,0
"983","envolver",0,0.2,0.6
"984","sexo",0.8,1,1
"985","clima",0.4,0,1
"986","idioma",0.6,0.6,0.2
"987","torneo",0.4,1,0.8
"988","institución",0.2,0.4,0.2
"989","gol",0.8,1,1
"990","tradición",0.4,0.4,0.6
"991","emitir",0.4,1,-0.2
"992","independiente",0.8,0.6,0.2
"993","puro",1,0.2,0.6
"994","sabor",0.6,0.2,0.4
"995","lento",0.2,0.6,0.6
"996","afirmar",0.6,1,0
"997","asunto",0.4,0.4,-0.6
"998","maestro",0.6,0.8,1
"999","asociación",-0.2,0,-0.6
"1000","vencer",0.8,1,1
"1001","revolución",0.8,0.8,0.2
"1002","consistir",0.333,0.333,-1
"1003","algo",0.2,0.2,-0.6
"1004","final",0.286,0.429,0.429
"1005","descansar",1,-0.5,0.625
"1006","funcionar",0.625,0.875,0.5
"1007","gusto",0.571,0.143,0.429
"1008","concepto",0.375,0,-0.625
"1009","temor",-0.75,0.25,0.875
"1010","conciencia",0.375,0.375,-0.125
"1011","introducir",0.25,0.875,0.875
"1012","hombro",0.3,0,1
"1013","rojo",0.2,0.1,1
"1014","fallecer",-0.8,-0.3,0.8
"1015","mamá",0.9,0.3,1
"1016","oído",0.2,0.3,0.9
"1017","geográfico",0.182,-0.091,0.273
"1018","erar",-0.286,0.286,-0.286
"1019","asegurar",0.454,0.818,-0.182
"1020","contemplar",0.636,-0.091,0.818
"1021","esquina",0.083,0,1
"1022","cuanto",0.111,0,-0.333
"1023","gato",0.727,0.182,0.909
"1024","encargar",0.1,0.8,0.4
"1025","estadio",0.333,0.111,1
"1026","curso",0.111,-0.111,0.778
"1027","recién",0.25,0.375,0.625
"1028","animar",0.714,0.857,0.571
"1029","foto",0.571,-0.429,0.857
"1030","terreno",0.286,-0.429,1
"1031","locura",-0.143,0.857,0.429
"1032","corte",-0.333,0,0.5
"1033","salud",0.6,-0.4,0.6
"1034","auto",0,0.4,1
"1035","temperatura",0,0.4,0.6
"1036","intención",0,0,-0.333
"1037","dividir",-0.167,0.5,0.333
"1038","mentira",-0.167,0.333,0.667
"1039","desnudo",0.333,-0.167,1
"1040","depender",-0.4,0,0.4
"1041","cristal",0.4,-0.6,0.8
"1042","marcha",-0.167,0.333,0.5
"1043","tarea",0,0.333,1
"1044","superar",1,0.857,0.286
"1045","crítico",0.143,0.571,0.429
"1046","frontera",0,-0.714,0.429
"1047","evento",0,0.714,0
"1048","apagar",-0.143,0.429,0.571
"1049","teléfono",0.125,0.125,0.75
"1050","haz",0.375,0.25,0
"1051","profesional",0.375,0.25,0.25
"1052","clásico",0.625,-0.375,0.125
"1053","tono",0.125,-0.125,-0.375
"1054","primero",0.75,0.5,0.5
"1055","controlar",-0.25,1,0.25
"1056","derecha",-0.25,-0.25,0.5
"1057","cocina",0.625,0.125,0.875
"1058","disputar",-0.222,0.778,0
"1059","raíz",0.222,-0.111,0.556
"1060","seco",-0.222,-0.333,0.333
"1061","mediar",0.667,0.778,0
"1062","designar",0,0.375,0
"1063","gesto",0.5,0.333,0.333
"1064","detalle",0.6,-0.2,0.4
"1065","olvido",-1,-0.2,0.6
"1066","confundir",-0.5,0,0.833
"1067","diario",0.286,0.143,0.286
"1068","punta",0,0.286,0.571
"1069","ambiente",0.714,-0.286,0.429
"1070","comida",1,0,1
"1071","administración",0,0.167,0.5
"1072","recurso",0.333,0.167,0.333
"1073","contacto",0.667,0.667,0.5
"1074","literatura",1,0.167,1
"1075","guitarra",1,1,1
"1076","mensaje",0.333,0.167,0.667
"1077","completar",0.429,0.571,0.571
"1078","acceso",0.143,-0.143,0
"1079","gris",-0.143,-0.714,0.857
"1080","iluminar",0.714,0.571,0.714
"1081","soportar",-0.75,-0.25,0.375
"1082","igual",0.286,0.143,0.286
"1083","método",0.286,0.286,0
"1084","herir",-0.857,1,0.714
"1085","aragón",0,-0.4,-0.2
"1086","claro",1,-0.167,0.667
"1087","finalizar",0.8,1,0.4
"1088","rincón",0.2,0,1
"1089","concierto",0.833,0.5,1
"1090","defender",0.5,0.667,0.5
"1091","odiar",-1,0.667,0.167
"1092","hasta",-0.167,-0.167,-0.167
"1093","masa",0.167,-0.167,0.333
"1094","fundación",0.5,0.5,-0.167
"1095","límite",0.143,0.571,0.571
"1096","privar",-0.833,0.167,-0.167
"1097","federal",0.4,0,-0.4
"1098","rayo",0.2,1,1
"1099","congreso",0,0.4,0.4
"1100","pretender",0,0.6,-0.2
"1101","saltar",0.8,0.8,1
"1102","coleóptero",-0.4,0.4,-0.2
"1103","instalar",0.2,0.8,0.2
"1104","hueso",-0.4,-0.8,1
"1105","pan",1,-0.2,1
"1106","entero",0.2,-0.2,0.2
"1107","valer",0.6,0.2,-0.6
"1108","generalmente",0,0.2,-0.4
"1109","inmediato",0,0.8,0.2
"1110","rumbo",0.429,0.143,0.571
"1111","inmenso",0.6,-0.4,0.8
"1112","impedir",-0.8,1,0.6
"1113","sorpresa",1,0.6,0.4
"1114","extrañar",-0.6,0.4,1
"1115","compuesto",0,0,0
"1116","estudiante",0.8,0.8,1
"1117","pleno",0.714,0.286,-0.286
"1118","diseñar",0.4,1,0.2
"1119","san",0.6,0.2,0.2
"1120","paisaje",0.857,-0.286,0.857
"1121","armar",0.571,0.857,0.714
"1122","generación",0.143,0,0.143
"1123","reflejar",0.286,0.143,0.857
"1124","acordar",0.8,0.2,1
"1125","culpa",-1,0,0.4
"1126","medir",0,0.833,0.667
"1127","emoción",0.833,0.5,0.333
"1128","morfología",0,-0.333,-0.833
"1129","cuestión",-0.2,-0.2,-0.4
"1130","emperador",0,0.2,0.8
"1131","arena",0.8,0,1
"1132","ritmo",0.8,0.4,0.4
"1133","misión",0.2,0.2,0.6
"1134","durar",0.2,0.2,0.8
"1135","conflicto",-0.833,0.333,0.833
"1136","descripción",0,0.2,0.2
"1137","rico",1,0.4,1
"1138","brillar",1,0.6,1
"1139","aeropuerto",0.2,0,1
"1140","aprovechar",0.4,0.8,0.8
"1141","the",0,0,-0.2
"1142","viejo",-0.2,-0.2,1
"1143","constante",0.2,0,0.8
"1144","biografía",0.333,0,0.5
"1145","silla",0.167,-0.5,0.833
"1146","dicha",0.833,0.167,0.667
"1147","justo",0.667,-0.167,0.5
"1148","coordenada",0,0,0.833
"1149","negocio",0.167,0.167,0.5
"1150","visión",0,0.667,0.5
"1151","ultimar",-0.333,0.5,0.167
"1152","mejor",0.667,-0.167,0.167
"1153","local",0.167,-0.167,0
"1154","participación",0.667,1,0.5
"1155","justicia",0.833,0.5,0.667
"1156","gobernar",0.4,0.8,0.8
"1157","pintar",0.8,1,1
"1158","diente",0,0,1
"1159","interesar",0.6,1,0.6
"1160","aparición",0,0.2,1
"1161","localizar",0.4,1,0.4
"1162","técnico",0.4,0.2,0.8
"1163","artístico",0.6,0.4,0.6
"1164","convencer",0,0.8,0.6
"1165","particular",0,-0.2,-0.2
"1166","asustar",-0.8,1,1
"1167","hábitat",0.2,-0.2,0.4
"1168","enemigo",-0.8,0.6,0.8
"1169","mezclar",0.2,0.8,1
"1170","requerir",0,0.4,-0.2
"1171","literario",0.8,-0.4,0.4
"1172","primavera",0.8,0.2,1
"1173","escalera",0.2,0.2,1
"1174","médico",0,0.2,1
"1175","colección",0.2,-0.2,0.2
"1176","instrumento",0.4,0.4,1
"1177","intenso",0.4,0.2,-0.2
"1178","quizá",0.2,-0.4,-0.4
"1179","carga",-0.2,-0.2,-0.2
"1180","vehículo",0.2,0.4,0.6
"1181","invadir",-0.8,1,0.6
"1182","ocultar",-0.2,0,0.6
"1183","dejo",0,-0.8,-0.2
"1184","referencia",0.2,-0.2,-0.8
"1185","secretario",0,0.4,0.8
"1186","humanidad",0.8,0.2,0.6
"1187","comentar",0.4,0.8,0.6
"1188","actuación",0.4,1,0.8
"1189","guardia",0.2,0.4,0.6
"1190","dibujar",1,1,1
"1191","destinar",0.2,0.6,-0.2
"1192","escenario",0.4,0,0.6
"1193","combate",-0.6,1,0.4
"1194","visita",0.4,0.6,0.4
"1195","hambre",-1,0.6,0.6
"1196","alimento",0.8,0.4,0.8
"1197","femenino",1,0.8,0.6
"1198","quemar",0.2,0.8,0.8
"1199","doble",0.2,0,0.2
"1200","ingresar",0.4,0.8,0.4
"1201","asesinar",-0.4,1,0.8
"1202","academia",0,-0.4,0.6
"1203","regalo",0.8,0,0.6
"1204","probablemente",0.2,0.2,-0.2
"1205","conformar",0.2,0.4,-0.4
"1206","muro",-0.2,-0.2,1
"1207","tender",0,0.6,0.4
"1208","coche",0.4,0.4,0.8
"1209","aéreo",0.4,0.6,0.8
"1210","eléctrico",0,0.833,0.667
"1211","castilla",0,-0.2,-0.2
"1212","plaza",0.5,0.667,1
"1213","húmedo",-0.167,-0.167,0.833
"1214","cuadro",0.2,-0.8,1
"1215","rosa",0.4,-0.4,1
"1216","cariño",0.8,1,0.8
"1217","aplicar",0.2,0.8,-0.4
"1218","mejorar",0.8,1,0
"1219","breve",0.2,0.2,-0.2
"1220","atrapar",-0.4,0.8,0.2
"1221","escudo",-0.2,0.2,1
"1222","campeón",0.6,1,0.6
"1223","otorgar",0.6,1,0.2
"1224","lenguaje",0.4,0.4,0.2
"1225","monte",0.2,-0.2,1
"1226","extremo",0,0.4,0.2
"1227","ejercer",-0.2,1,0
"1228","flotar",0.6,0.2,0.8
"1229","diario",0,0.4,1
"1230","probar",0.8,1,0.4
"1231","fase",0,-0.6,-0.4
"1232","industria",-0.2,0.6,0.8
"1233","afectar",-0.4,1,0
"1234","deslizar",0.2,1,0.8
"1235","marido",0.2,0,0.8
"1236","contrato",0,0.2,0.6
"1237","arqueológico",0,-0.4,1
"1238","liberar",0.8,1,0.6
"1239","caballero",0.6,0.6,0.8
"1240","alimentar",0.8,1,1
"1241","variar",0.4,0.6,0.4
"1242","orilla",0.333,-0.5,1
"1243","inferior",-0.4,-0.4,0.6
"1244","hotel",0.833,-0.333,1
"1245","salón",0.333,-0.333,1
"1246","sala",0.2,-0.4,1
"1247","máquina",0,0.8,0.8
"1248","biblioteca",0.8,-0.4,1
"1249","materia",0,-0.2,0
"1250","infierno",-0.8,0.2,0
"1251","fijar",0.4,1,0.6
"1252","repente",0,0.2,-0.8
"1253","extensión",0.4,-0.4,0.4
"1254","regreso",0.6,0.8,0.6
"1255","solitario",-0.2,-1,0.8
"1256","representación",0.4,0.4,-0.2
"1257","comisión",-0.2,0.6,0.6
"1258","publicación",0.6,0.6,0.6
"1259","aliento",0,0.6,0.6
"1260","asumir",0.2,0.8,0.4
"1261","exterior",0,-0.4,0.4
"1262","techo",0.4,-0.2,1
"1263","tecnología",0.2,0,1
"1264","directamente",0.4,0.6,0.8
"1265","conversación",1,1,1
"1266","físico",0.4,-0.2,0.6
"1267","voluntad",0.667,0.667,0.333
"1268","absoluto",0.167,0.5,0.167
"1269","actriz",0.333,0.5,1
"1270","horizonte",1,-0.667,0.833
"1271","sur",0.833,-0.167,0.833
"1272","polvo",0,0.167,1
"1273","tormenta",0,0.833,1
"1274","susurrar",0.667,0.5,1
"1275","caracterizar",0,0.833,0.333
"1276","periódico",0.2,0,0.8
"1277","típico",0.2,0,0.2
"1278","juventud",0.6,0.2,0.8
"1279","botánico",0.6,-0.2,0.6
"1280","princesa",0,-0.2,0.8
"1281","política",-0.2,0.4,0.4
"1282","brillante",0.4,0,0.8
"1283","rama",0.2,-0.4,0.8
"1284","presión",-0.4,0.4,0.4
"1285","transporte",-0.2,0.8,0.8
"1286","prestar",0.4,0.2,0.6
"1287","llegada",0.6,0.6,0.6
"1288","añadir",0,0.6,0.8
"1289","labor",0.2,1,0.8
"1290","respecto",0,0,-0.4
"1291","religión",-0.4,0,0.8
"1292","precio",-0.2,0.2,0.8
"1293","distinguir",0,0.6,0.6
"1294","rechazar",-0.6,0.4,0.8
"1295","brisa",1,0.4,0.8
"1296","verso",-0.4,0.4,0.4
"1297","aroma",0.8,0.6,0.8
"1298","oponer",0,0.6,0.8
"1299","montar",0.8,0.8,0.8
"1300","columna",0.2,0.2,0.8
"1301","mierda",-0.4,0.2,0.8
"1302","falso",-0.6,0.2,0.6
"1303","solución",0.4,0.6,0.6
"1304","escaso",-0.4,0,0.4
"1305","arrancar",0,0.6,0.8
"1306","amante",0.6,0.6,0.8
"1307","susurro",0.8,0.4,0.8
"1308","código",0.4,0.4,0.8
"1309","búsqueda",0.2,1,0.8
"1310","constitución",0.4,0.2,0.4
"1311","patio",0.4,0,0.8
"1312","voto",0.4,0.8,1
"1313","regional",0.2,0,0.8
"1314","pérdida",-0.8,-0.4,0.4
"1315","imponer",-0.6,1,0.2
"1316","mágico",0.6,0.2,-0.2
"1317","documento",0,-0.2,0.8
"1318","fantasma",-0.2,0,0.6
"1319","gira",0.2,0.6,0.4
"1320","capilla",-0.2,-0.2,0.8
"1321","leyenda",0.6,0,0.2
"1322","interior",0.4,0,0.4
"1323","mejilla",0.6,-0.2,0.8
"1324","pedazo",0,0,0
"1325","sección",0,0.2,-0.4
"1326","pájaro",1,0.6,0.8
"1327","demonio",-0.6,0.4,0.4
"1328","obispo",-0.2,0.2,0.6
"1329","suspiro",1,0,0.6
"1330","humo",-0.2,0,0.6
"1331","papa",0.2,-0.2,0.8
"1332","roca",0.2,-0.6,0.6
"1333","víctima",-0.6,-0.6,-0.4
"1334","colgar",0,0.6,0.2
"1335","individuo",0,-0.2,-0.4
"1336","titular",0,0.2,-0.2
"1337","ajeno",0,0,-0.4
"1338","crecimiento",1,1,0
"1339","variedad",0.8,0,0.4
"1340","príncipe",0.6,0.2,0.8
"1341","alumno",0.6,0.2,0.8
"1342","frecuencia",0,0.4,-0.4
"1343","terrible",-0.4,0.4,0.6
"1344","merecer",0.4,0.2,0.2
"1345","caída",-0.4,0.6,0.8
"1346","dólar",0,-0.6,1
"1347","deporte",0.8,1,0.8
"1348","provenir",0,-0.4,-0.4
"1349","llave",0.167,-0.5,1
"1350","compositor",0.833,0.5,0.333
"1351","latir",0.833,1,0.667
"1352","aplicación",0.167,0.333,0.167
"1353","presente",0.333,0,0.167
"1354","exposición",0.333,0.667,0.833
"1355","interno",0.167,-0.167,-0.333
"1356","sexual",0.857,1,1
"1357","máximo",0.333,0.333,0.5
"1358","actitud",0.5,0.833,0.833
"1359","carcajada",1,1,1
"1360","catedral",0.8,-0.2,1
"1361","encerrar",-0.6,0.6,1
"1362","arrastrar",-0.8,1,1
"1363","católico",0,0,0.6
"1364","devolver",0.4,0.8,0.8
"1365","relato",0.6,0.4,1
"1366","composición",0.4,0.4,0.4
"1367","nacimiento",0.8,0.4,1
"1368","asentamiento",-0.4,0.2,0.8
"1369","símbolo",0.6,0,0.8
"1370","contenido",0.4,0.2,0
"1371","vestido",0.8,-0.2,1
"1372","crisis",0,0.4,0.4
"1373","magia",1,0.8,0.6
"1374","video",0.2,0.2,0.6
"1375","científico",0.8,0.4,0.8
"1376","papá",1,1,1
"1377","barco",0.8,0.6,1
"1378","comandante",0,0.8,0.6
"1379","banda",0.6,0.2,0.2
"1380","continuo",-0.2,-0.6,0.2
"1381","comercio",0,0.2,0.6
"1382","seriar",-0.2,0.6,-0.2
"1383","resolver",0.4,1,0.2
"1384","cola",0.4,-0.4,0.8
"1385","duque",0,-0.6,0.4
"1386","inspirar",1,0.4,0.2
"1387","diputado",-0.6,0.2,1
"1388","familiar",0.6,0.4,0.8
"1389","dominio",0.2,0.4,0.2
"1390","derecho",0.2,0,-0.2
"1391","filosofía",0.6,0,0
"1392","reinar",0,1,0.8
"1393","caber",0.2,0.6,0.6
"1394","eliminar",0,1,1
"1395","and",0,-0.2,0
"1396","regalar",1,1,0.8
"1397","esencia",1,-0.8,1
"1398","toma",0.2,0.8,0.2
"1399","derivar",0.4,1,0.4
"1400","pegar",-0.4,1,0.8
"1401","vaso",0.2,-0.2,1
"1402","normal",-0.2,-0.4,0
"1403","ligero",0.8,0,0.4
"1404","régimen",-0.6,0,0.2
"1405","gobernador",-0.4,0.4,1
"1406","amanecer",1,-0.4,1
"1407","cantante",0.8,0.8,1
"1408","activo",0.4,0.8,0
"1409","divino",0.6,-0.6,0.4
"1410","sobrevivir",0,0.8,0.6
"1411","reconocimiento",0.8,0.8,0.4
"1412","infinito",0.8,-0.4,-0.6
"1413","monumento",0.4,-0.8,0.8
"1414","madera",0.6,-0.4,1
"1415","arquitectura",0.4,-0.4,0.4
"1416","graduar",0,0.8,0.4
"1417","asistir",0.4,1,0.8
"1418","ola",0.6,0.6,1
"1419","candidato",0,0.2,0.4
"1420","círculo",0.4,-0.2,1
"1421","pobreza",-0.8,-0.2,0.8
"1422","volumen",0.2,0,-0.2
"1423","prometer",0,0.6,0
"1424","cerebro",0.2,0.6,0.6
"1425","interior",0.2,-0.2,0.4
"1426","espada",0.4,1,1
"1427","opinión",0.4,0.8,0
"1428","nota",0.6,0,0.4
"1429","odio",-1,1,0.6
"1430","sierra",0,0,1
"1431","botella",0,-0.4,1
"1432","partida",0,0.2,0.2
"1433","prohibir",-0.8,0.2,0.4
"1434","citar",0,0.2,0.2
"1435","acá",0.2,-0.2,-0.2
"1436","proporcionar",0.4,0.6,0.4
"1437","núcleo",0.4,-0.2,0.2
"1438","práctico",0,0.4,0
"1439","izquierda",0.4,0.4,0.8
"1440","identificar",0,0,0.2
"1441","general",0.2,-0.2,0.4
"1442","disparar",-0.4,1,1
"1443","nariz",0,0.2,0.8
"1444","constitucional",0.6,0.6,-0.2
"1445","transmitir",0.2,1,0.2
"1446","infancia",1,0.4,1
"1447","océano",1,0.8,1
"1448","editar",0.2,0.6,0.4
"1449","encima",0.4,0.4,0.6
"1450","instalación",0,0.4,0.2
"1451","periodista",0,0.6,1
"1452","perseguir",-0.4,1,0.4
"1453","enterar",0.2,0.4,-0.4
"1454","peligro",-1,0.8,0.4
"1455","vivienda",0.8,0,1
"1456","macho",0,1,1
"1457","grabación",0.2,0.4,0.8
"1458","garganta",0.2,0,0.8
"1459","zapato",0.4,0,1
"1460","aventura",0.8,1,0.4
"1461","grave",-0.4,0,-0.2
"1462","reacción",0.2,0.8,0
"1463","aferrar",0.4,0.6,0.4
"1464","dibujo",0.8,-0.2,1
"1465","americano",0.2,-0.2,0.4
"1466","inmediatamente",-0.2,0.6,0
"1467","amistad",1,0.5,0.667
"1468","desierto",0.333,0,0.667
"1469","revelar",0.333,0.667,0.333
"1470","marco",0.167,-0.5,1
"1471","hundir",-0.667,0.5,1
"1472","ferrocarril",0.667,0.667,1
"1473","secundario",0.167,0.167,0.333
"1474","tumba",-0.5,-0.667,1
"1475","temblar",-0.5,0.5,0.833
"1476","salar",0,0.333,0.667
"1477","exponer",0.4,0.6,0.4
"1478","sabio",1,0.8,0.6
"1479","atrever",0.4,0.6,0.2
"1480","acostumbrar",-0.2,-0.2,0
"1481","estrenar",0.4,1,0.4
"1482","pintor",0.6,0.2,1
"1483","habia",0.4,-0.6,-0.4
"1484","capítulo",0.2,0.2,0.4
"1485","circunstancia",-0.2,0.2,-0.4
"1486","bolsillo",0.2,-0.8,1
"1487","operar",0,0.6,0.6
"1488","reflejo",0.4,-0.4,1
"1489","sucio",-0.8,-0.4,1
"1490","militar",-0.6,0,1
"1491","asiento",0,-0.8,1
"1492","músico",0.8,0.2,1
"1493","comunicar",0.6,0.6,0.8
"1494","ligar",0,0.667,0
"1495","atraer",0.8,0.6,0.2
"1496","molestar",-1,0.8,0.6
"1497","registrar",0,0.6,0.2
"1498","herido",-0.8,-0.8,1
"1499","ancho",0,0,1
"1500","ministerio",-0.2,-0.4,0.2
"1501","comentario",0.4,0.6,0.6
"1502","habitual",-0.2,0,0
"1503","consumir",-0.2,0.6,0.6
"1504","propósito",0.8,0.2,-0.6
"1505","básico",0,-0.2,-0.2
"1506","bar",0.4,-0.6,1
"1507","inventar",1,1,0.8
"1508","torno",-0.2,0.4,0.8
"1509","ayuntamiento",-0.167,0.167,0.167
"1510","mínimo",0,0,0
"1511","agregar",0,1,0.5
"1512","tratamiento",-0.333,0.667,0.667
"1513","facultad",0.333,0,0.667
"1514","cristo",0.333,0.167,1
"1515","nervioso",-1,0.6,1
"1516","inaugurar",0.5,1,1
"1517","condenar",-0.667,1,0.5
"1518","profundidad",0.333,-0.333,0.5
"1519","profesional",0.333,0.333,0.333
"1520","bonito",1,-0.5,0.833
"1521","buque",0,-0.167,1
"1522","confirmar",0,0.833,0.167
"1523","latino",0.4,-0.2,1
"1524","personalidad",0.2,0.2,-0.4
"1525","huella",0,-0.2,1
"1526","protección",0.4,1,0.8
"1527","moneda",0,-0.6,1
"1528","apreciar",0.8,1,0.2
"1529","juicio",-0.2,0.8,0.8
"1530","bolsa",0,-0.4,1
"1531","expedición",0.8,1,1
"1532","estremecer",-0.2,1,0.4
"1533","trabajador",0.2,0.8,0.8
"1534","tropical",1,0,1
"1535","coger",0.4,0.8,1
"1536","ciento",0,-0.2,-0.4
"1537","pantalla",0,-0.4,0.6
"1538","entorno",0.2,-0.6,-0.2
"1539","interpretación",0.2,0.8,0
"1540","verme",0.2,0.6,0.4
"1541","patrón",-0.2,0,0.8
"1542","misterio",0,0.6,0.4
"1543","clasificar",0.2,0.8,0.6
"1544","riesgo",-0.8,0.6,0.8
"1545","angustia",-0.8,0,0.8
"1546","infantil",0.4,0.6,0.8
"1547","saludar",0.6,1,0.6
"1548","tienda",0.2,0.4,0.6
"1549","célula",0,0.6,0.6
"1550","gemir",0,0.2,0.6
"1551","accidente",-0.8,-0.2,1
"1552","parroquia",0.4,-0.2,0.6
"1553","desempeñar",0.6,0.6,0.2
"1554","testigo",0,-0.2,0.8
"1555","tomo",0,-0.4,0.2
"1556","coronel",0.2,0.6,0.8
"1557","capital",-0.2,0,-0.2
"1558","tierno",1,0.4,1
"1559","adoptar",0.8,1,1
"1560","pasillo",0,-0.2,0.8
"1561","dominar",0.2,1,1
"1562","habilidad",0.8,0.8,0.8
"1563","protagonista",0.8,0.8,1
"1564","espectáculo",0.4,0.2,1
"1565","pista",0.4,-0.2,0.4
"1566","melodía",1,0.4,1
"1567","percibir",1,0.2,0.6
"1568","promesa",0.8,0.6,0
"1569","ternura",1,-0.4,0.8
"1570","soltar",0.2,0.6,1
"1571","superior",0,0.2,0.6
"1572","factor",0,0,-0.4
"1573","conquistar",0,1,0.8
"1574","conceder",0.2,-0.2,0.2
"1575","discográfico",0,-0.2,-0.2
"1576","charlar",0.6,1,1
"1577","hielo",-0.4,-0.4,1
"1578","maravilloso",0.8,0.2,0.8
"1579","estatal",-0.2,-0.2,-0.4
"1580","regla",0.2,-0.2,1
"1581","lanzamiento",0.2,0.8,0.6
"1582","corazon",0.6,0.4,1
"1583","explicación",-0.2,0.6,0.4
"1584","maestro",0.4,0.6,0.6
"1585","técnica",0.4,-0.2,0
"1586","cliente",0.2,0.4,0.8
"1587","químico",0,0,0.6
"1588","amenazar",-0.8,0.8,0.8
"1589","argumento",0,0,0.4
"1590","fantasía",1,0.4,0.8
"1591","presidir",0.2,1,0.2
"1592","costa",0.8,-0.6,1
"1593","complejo",0,0.2,0.6
"1594","fino",0.2,-0.6,0
"1595","oculto",0,-0.2,-0.2
"1596","bastar",-0.2,0,-0.4
"1597","forzar",-0.6,0.4,0.6
"1598","diócesis",-0.2,0,0
"1599","show",0.4,0.6,0.8
"1600","futbolista",0.4,0.8,1
"1601","opción",0.4,0.2,0.4
"1602","fresco",0.8,-0.2,0.8
"1603","cálido",1,-0.2,1
"1604","autónomo",0.2,0.4,0.4
"1605","sello",0,-0.6,0.8
"1606","diferenciar",0,0.8,0
"1607","trayectoria",0.2,0.4,0.8
"1608","enterrar",-0.6,0.4,1
"1609","anciano",0.6,-0.4,1
"1610","ejecutar",-0.4,0.8,0.6
"1611","reforma",0.2,1,0.6
"1612","fama",0.4,0.2,0.8
"1613","monasterio",0.2,-0.4,0.6
"1614","maldito",-1,0,0.8
"1615","encantar",0.8,0.8,0.6
"1616","carretero",0,-0.2,0
"1617","confianza",1,0.2,0.8
"1618","brillo",0.8,0.4,1
"1619","representante",0.2,0.2,0.6
"1620","ascender",0.8,1,0.8
"1621","concluir",-0.2,0.6,0.4
"1622","cigarrillo",0,-0.2,1
"1623","latino",0.4,-0.2,1
"1624","presentación",0.4,0.8,0.8
"1625","transportar",0,1,1
"1626","centrar",0.4,0.8,0.6
"1627","capturar",0.2,1,1
"1628","medalla",1,0.6,1
"1629","análisis",0.8,1,0.4
"1630","acceder",1,1,0.6
"1631","carro",0.2,0.4,1
"1632","dimensión",0.4,-0.2,0.4
"1633","arquitecto",0.2,0.6,1
"1634","cruel",-1,1,0.8
"1635","leche",0.2,0,1
"1636","colaborar",0.8,1,1
"1637","salida",0.4,-0.4,0.6
"1638","internet",0.4,0.4,1
"1639","cueva",0,-0.4,1
"1640","sustituir",-0.2,1,0.4
"1641","pronunciar",0,0.6,0.6
"1642","provincial",0.2,0,0.4
"1643","copar",0.2,0.8,0.2
"1644","olímpico",1,0.4,1
"1645","trato",0,0.8,0
"1646","ceder",0,0.6,0.6
"1647","registro",0,0,0.6
"1648","sacerdote",0.2,0.6,0.6
"1649","gonzález",0,0,0
"1650","jamar",0,0.2,-0.4
"1651","héroe",0.8,0.6,1
"1652","originalmente",0.2,-0.2,0.2
"1653","carretera",0.4,-0.4,1
"1654","elaborar",0.6,1,0.6
"1655","fabricar",0.8,1,1
"1656","reemplazar",0.2,1,0.8
"1657","acudir",0.4,0.8,0.8
"1658","dama",0.8,0,0.8
"1659","copia",-0.2,-0.2,0.4
"1660","eco",0.2,0,0.6
"1661","cerveza",0.4,-0.2,0.8
"1662","asamblea",0.2,0.8,0.8
"1663","alegre",1,0.4,0.8
"1664","poderoso",0.4,0.8,0.8
"1665","normalmente",0.2,0,-0.4
"1666","espera",0,-0.4,0.2
"1667","banco",0.4,-0.6,0.6
"1668","vacío",-0.4,-0.2,0.6
"1669","lindo",0.8,0.2,0.8
"1670","alianza",0.6,0.4,0.8
"1671","violencia",-1,1,0.8
"1672","cementerio",-0.8,-0.8,0.6
"1673","equivocar",-0.4,1,0.6
"1674","cañón",-0.4,0.8,0.8
"1675","entidad",0,0.4,-0.2
"1676","pequeño",0.8,-0.4,0.8
"1677","apretar",-0.2,0.8,0.4
"1678","fenómeno",1,0.8,0.8
"1679","bañar",0.6,0.8,1
"1680","descanso",1,-0.6,1
"1681","pantalón",0.2,0.4,1
"1682","concentrar",1,1,0.2
"1683","interesante",1,0.8,0.2
"1684","logro",1,0.8,0.4
"1685","rural",0.6,0.2,0.8
"1686","disponible",0.6,0.2,0.6
"1687","muestra",0,-0.2,0.6
"1688","descender",0.4,0.8,0.6
"1689","desesperar",-0.6,0.2,0.6
"1690","clavar",0,0.8,1
"1691","arrojar",0.2,0.8,0.8
"1692","acontecimiento",0.6,0.2,0.2
"1693","conectar",0.6,1,0.6
"1694","informar",0.6,1,0.8
"1695","cultivo",0.5,0.333,0.833
"1696","conocido",0,0,0.4
"1697","fila",-0.2,-0.8,0.6
"1698","agradecer",0.8,1,1
"1699","secar",0,0.2,0.8
"1700","apuntar",0,0.6,0.4
"1701","agente",-0.2,0.4,0
"1702","practicar",0.4,1,0.6
"1703","proyectar",0.8,0.4,0.8
"1704","hierro",-0.4,-0.8,1
"1705","criatura",0.6,0,0.6
"1706","cadáver",-0.6,-1,1
"1707","competencia",-0.4,0.8,0.4
"1708","mancha",-0.6,-0.6,1
"1709","alba",0.6,-0.8,0.2
"1710","someter",-1,1,0.4
"1711","transcurrir",0.2,-0.6,0
"1712","atender",0.4,1,0.8
"1713","asesinato",-1,0.6,0.8
"1714","fábrica",0,0.2,0.8
"1715","otoño",0.6,-0.6,1
"1716","rodar",0.2,0.8,1
"1717","organismo",0,0.6,0
"1718","ingeniero",0.2,0.8,0.8
"1719","electrónico",0.2,0.2,0.6
"1720","imaginación",1,0.2,-0.2
"1721","juez",-0.2,0.6,1
"1722","cristiano",0.6,0.2,0.6
"1723","localización",0,-0.2,0
"1724","vientre",0.6,0.2,0.8
"1725","vicepresidente",0.2,0,0.8
"1726","umbral",-0.2,-0.6,-0.4
"1727","encabezar",0.4,0.8,0.8
"1728","mapa",0,-0.8,1
"1729","anual",-0.2,-0.2,0.2
"1730","rodilla",0.2,0.2,1
"1731","dificultad",-0.4,0.4,0.4
"1732","reciente",0,0.2,-0.2
"1733","curiosidad",0.6,0.6,0
"1734","únicamente",0,-0.2,0
"1735","órgano",0,0.2,0.6
"1736","plato",0.4,0,1
"1737","prensa",0.2,0.6,0.4
"1738","interrumpir",-0.6,1,0.6
"1739","ciudadano",0.6,0.6,0.8
"1740","calma",1,-0.6,1
"1741","ópera",1,0.6,1
"1742","formato",0,-0.4,-0.2
"1743","sugerir",0.4,1,0
"1744","figurar",0,0.4,-0.8
"1745","borde",0,0,0.667
"1746","experimentar",0.667,1,0.5
"1747","débil",-0.6,-0.6,0.6
"1748","enseñanza",0.8,1,1
"1749","ignorar",-0.4,0.6,0
"1750","portar",0,0.4,0
"1751","tabla",0.2,-0.4,0.8
"1752","perdón",0.8,1,0.2
"1753","sumar",0.4,1,1
"1754","excepción",0.2,0.6,-0.4
"1755","aprobar",1,1,0.6
"1756","continuación",0.2,0.4,-0.2
"1757","sudor",-0.8,0.4,1
"1758","fiel",0.8,0.8,0.6
"1759","contrario",0.2,0.4,0.4
"1760","tribu",0.4,0.4,1
"1761","traje",0.2,-0.4,1
"1762","dulzura",1,0,0.8
"1763","nocturno",0.6,0,0.8
"1764","múltiple",0.2,0.2,0.2
"1765","confiar",1,0.6,0
"1766","cometer",-0.2,0.6,-0.8
"1767","sufrimiento",-0.8,0.2,0.4
"1768","asociar",0.2,0.6,0.6
"1769","combatir",-0.4,0.6,0.8
"1770","capa",0.2,-0.2,1
"1771","paseo",1,0.6,1
"1772","agricultura",0.4,0.4,0.8
"1773","lectura",0.8,0.8,1
"1774","rendir",0,0.2,0.6
"1775","coordenado",0,0,-0.2
"1776","cuidado",0.6,1,0.6
"1777","nieve",0.6,0.2,1
"1778","clasificación",0,0.6,0.6
"1779","preciso",0.2,0,0.6
"1780","celular",0,0,0.2
"1781","nieto",0.8,0,1
"1782","vena",-0.2,-0.4,1
"1783","piano",0.8,0.2,1
"1784","pasear",1,1,1
"1785","ámbito",0,-0.2,-0.2
"1786","debut",0.6,1,0.4
"1787","avenir",0.6,0.8,0
"1788","identidad",0,0,0
"1789","colaboración",1,1,0.4
"1790","medicina",0.4,0.4,0.8
"1791","exigir",-0.4,1,0.6
"1792","venta",-0.2,1,0.8
"1793","denominación",0,0.2,-0.2
"1794","temprano",0.4,0.4,0.4
"1795","recostar",0.4,0,0.4
"1796","infraestructura",0.4,-0.2,0.6
"1797","peligroso",-0.4,0.8,0.6
"1798","fundamental",0.6,0.2,0.2
"1799","lobo",0,0.2,1
"1800","médico",0.6,0.6,1
"1801","península",0.2,-0.6,0.8
"1802","perdonar",0.6,1,1
"1803","fijamente",0.2,1,0.2
"1804","mio",0.4,0.6,0.8
"1805","promedio",0.2,0,0.6
"1806","evolución",0.8,0.8,0
"1807","estatua",0.2,-0.8,1
"1808","coalición",-0.6,0.8,0.4
"1809","tribunal",-0.6,0.4,0.4
"1810","llover",0.4,1,1
"1811","potencia",0.6,0.4,0.2
"1812","seguramente",0.6,-0.2,0
"1813","comportamiento",0.2,0.6,0.4
"1814","invasión",-0.2,1,0.8
"1815","valle",0.8,-0.8,1
"1816","noreste",0,-0.4,0.2
"1817","cuadrar",-0.2,0.6,-0.8
"1818","asesino",-0.8,1,0.4
"1819","brotar",0.2,1,0.4
"1820","infinito",0.4,-0.6,0
"1821","camisa",0.2,-0.6,1
"1822","semilla",0.6,-0.2,0.8
"1823","respeto",1,0.2,0.4
"1824","fotografía",0.6,-0.4,1
"1825","pesar",-0.6,-0.6,0.2
"1826","distribuir",0,0.6,0.4
"1827","indio",0,-0.6,0.4
"1828","alcohol",0.2,0,0.8
"1829","taller",0.2,0,1
"1830","proceder",0,0.6,0
"1831","presa",-0.6,-0.4,0.8
"1832","onda",1,0.4,0.8
"1833","pelear",-0.6,1,0.8
"1834","prácticamente",0.4,0.2,0.2
"1835","correcto",0.8,0.2,0.6
"1836","retablo",0,-0.4,-0.2
"1837","existente",0.2,0.2,0.6
"1838","aguardar",-0.6,-0.8,0.4
"1839","mojar",0.2,1,0.8
"1840","fijo",0,-0.6,0.2
"1841","recorrido",0.2,0.4,0.6
"1842","arco",0.4,0,0.8
"1843","mental",0.6,0.4,0.2
"1844","televisivo",-0.2,0.2,0.6
"1845","tesoro",1,-0.6,0.6
"1846","ciclo",0,0.6,0.6
"1847","murmurar",-0.6,1,0.8
"1848","oler",0.4,1,0.8
"1849","responsabilidad",0.2,0.6,0.6
"1850","historiador",-0.2,0.2,0.4
"1851","abogado",0,0.8,0.6
"1852","corriente",-0.2,0.6,0.6
"1853","respiración",0.6,1,1
"1854","you",0.4,0.4,0.6
"1855","concurso",0.4,0.8,0.4
"1856","amarillo",0.4,0.2,1
"1857","científico",0.8,0.8,0.8
"1858","eternidad",0.4,-0.4,0.2
"1859","mariposa",0.6,0.4,1
"1860","anillo",0.2,-0.6,0.8
"1861","baile",1,1,1
"1862","limpio",1,0.2,1
"1863","humano",0.8,0.8,0.8
"1864","calmar",1,0.6,1
"1865","individual",0,0.4,0.2
"1866","orgullo",0.2,0.8,0.8
"1867","altitud",0,-0.2,0.2
"1868","apariencia",0.4,-0.4,0.8
"1869","definitivamente",0,0,0.4
"1870","reserva",0.2,-0.4,0.4
"1871","extenso",0,-0.4,0.2
"1872","huevo",0.2,0,0.8
"1873","adecuar",0.8,0.8,1
"1874","escultura",0.833,-0.333,1
"1875","cesar",0,0.667,0.833
"1876","trono",-0.2,-0.2,0.6
"1877","comité",-0.2,0,0.8
"1878","acusar",-0.6,0.4,0.8
"1879","gestión",-0.2,0.2,0.6
"1880","selva",1,0.6,0.6
"1881","bahía",1,-0.2,0.8
"1882","estrellar",-0.2,1,1
"1883","solicitar",0.4,0.6,0.2
"1884","nba",0,0,0.2
"1885","terror",-0.6,0.8,0.6
"1886","brindar",1,1,1
"1887","grabado",0.6,-0.2,1
"1888","tratado",0.2,0,0.4
"1889","triunfo",0.8,0.8,0.8
"1890","fundador",0,0.8,0.4
"1891","sangrar",-0.8,0.2,1
"1892","entrenador",0.2,0.6,0.8
"1893","sagrado",0.2,-0.2,-0.2
"1894","crimen",-1,0.2,0.2
"1895","national",0.2,0.2,0
"1896","promover",0.6,0.6,0.2
"1897","conquista",0.6,0.4,0.6
"1898","oreja",0.2,-0.2,1
"1899","prisión",-0.8,-0.2,0
"1900","sendero",1,0.4,1
"1901","virgen",0.4,0.2,0.2
"1902","resistir",0.2,0.6,0.4
"1903","tambien",0.8,0.6,0.2
"1904","crítica",0.4,0.8,0.2
"1905","arroyo",1,0.6,1
"1906","justo",0.6,0.6,0.6
"1907","traducir",0.4,0.2,0.6
"1908","vaciar",-0.2,0.2,0.2
"1909","agarrar",0.2,0.4,0.6
"1910","adentro",0.4,-0.4,0.8
"1911","porqué",0,0,0
"1912","permanente",0,0.6,-0.2
"1913","reclamar",-0.8,0.8,0.8
"1914","oficialmente",0,0.2,0
"1915","abismo",-0.6,-0.6,0.2
"1916","oposición",-0.4,0.8,0.6
"1917","ahogar",-1,1,0.8
"1918","competición",0.4,1,1
"1919","futuro",0.8,0.8,-0.4
"1920","militar",-0.2,0.6,0.6
"1921","característico",0,-0.4,0
"1922","democrático",0.6,0.4,0.6
"1923","freír",-0.2,0.8,1
"1924","puta",-0.4,0.8,0.4
"1925","electoral",-0.2,0.8,0.8
"1926","delgado",0.4,0.2,0.6
"1927","aldea",0.4,0.2,0.8
"1928","albergar",0.6,0.8,0.6
"1929","lector",1,0.8,1
"1930","poblar",0.2,0.8,0.6
"1931","extranjero",0.2,0,0.6
"1932","virtud",0.8,0.2,0.6
"1933","virgen",-0.2,-0.2,0.6
"1934","adulto",0.2,0.2,0.8
"1935","pesadilla",-0.8,0.4,0.4
"1936","multitud",-0.8,0.6,1
"1937","dorar",0.4,0.8,0.8
"1938","jurar",-0.2,0.6,0.4
"1939","previo",0,0,0
"1940","inteligencia",0.8,0.8,0.8
"1941","herramienta",0.4,0.6,0.8
"1942","contrario",0,0.2,0
"1943","apertura",0.2,0.2,0.4
"1944","aliado",0.8,0.2,0.4
"1945","lavar",0.8,1,1
"1946","presidencia",0,0.6,0.8
"1947","programar",0.8,0.8,0.8
"1948","cantante",0.4,0.4,0.8
"1949","pago",0.2,0.2,0.8
"1950","primario",0.4,0.4,0
"1951","gozar",1,0.8,0.8
"1952","suceso",0,0,0
"1953","acostar",0.4,0.8,0.4
"1954","grande",0.2,0.4,0.4
"1955","reunión",0.6,0.6,1
"1956","nostalgia",0,0,0.2
"1957","advertir",0,0.8,0.6
"1958","solista",0.6,0.6,1
"1959","conversar",0.6,1,1
"1960","impulsar",0.4,0.8,1
"1961","silencioso",0,0.2,0.8
"1962","recientemente",0.2,0.2,-0.2
"1963","mezcla",0.2,-0.2,0.2
"1964","herida",-1,0.8,1
"1965","primo",0.2,0.2,0.2
"1966","murmullo",-0.4,1,0.6
"1967","agitar",0.2,1,0.8
"1968","batería",0,0.4,0.8
"1969","rutina",-0.8,0.2,0.2
"1970","milagro",0.8,0.4,-0.4
"1971","tramo",0,0,-0.2
"1972","cabecera",0,0.2,0.2
"1973","familiar",0.8,0,0.2
"1974","bien",1,0.4,0.4
"1975","contribuir",1,0.6,0.8
"1976","arquitectónico",0.6,0.2,0.2
"1977","declaración",0,1,-0.2
"1978","dias",0,0.2,0.6
"1979","llama",0.4,0.4,1
"1980","ascenso",0.6,1,0.6
"1981","ama",-0.2,0.2,0.2
"1982","excelente",1,0,0.2
"1983","fluir",0.4,0.8,0.2
"1984","audiencia",0.4,0.2,0.2
"1985","riqueza",0.8,0,0.4
"1986","modificar",0.4,1,0.6
"1987","vela",0.4,-0.2,1
"1988","engañar",-1,1,1
"1989","exitoso",1,0.6,0.2
"1990","loco",0,0.2,0.8
"1991","indígena",0.2,0.4,1
"1992","miel",0.6,-0.6,1
"1993","mentir",-0.8,0.8,0.8
"1994","tendencia",0.2,0,-0.8
"1995","piedad",0.2,0.4,-0.8
"1996","solar",0.6,0.2,0
"1997","turismo",1,1,1
"1998","moral",1,0.2,-0.6
"1999","borrar",0,1,-0.2
"2000","decreto",0,0.6,-0.6
"2001","definitivo",0,0.4,-0.8
"2002","aqui",0.4,-0.2,-0.4
"2003","cura",0.2,-0.2,0.4
"2004","especializar",0.2,0.6,-0.6
"2005","fumar",-0.6,1,1
"2006","droga",-0.8,0.8,1
"2007","monje",0.2,-0.2,0.6
"2008","azul",0.8,-0.6,1
"2009","notable",0.4,-0.2,-0.4
"2010","oriente",0.2,-0.2,0
"2011","vidrio",0.2,-0.6,1
"2012","renta",-0.2,-0.2,0.2
"2013","amigo",1,0.4,0.8
"2014","pato",0.6,0.6,1
"2015","precioso",1,-0.4,0.4
"2016","pluma",1,0.2,1
"2017","atar",-0.2,0.8,1
"2018","satisfacer",1,1,0
"2019","caliente",0.4,0,1
"2020","agrupar",0,0.8,1
"2021","nominar",0.2,0.8,0.2
"2022","posesión",0,0.4,0
"2023","respetar",1,0.8,0.6
"2024","precisamente",0.2,0,0
"2025","implicar",0,0.4,0
"2026","editorial",0.2,0.2,0.8
"2027","misterioso",0,0,0.2
"2028","impacto",-0.2,0.6,0.6
"2029","margen",0,0,0.2
"2030","descubrimiento",1,0.8,0.8
"2031","constar",0,-0.2,-1
"2032","sabio",1,0.2,0.6
"2033","isleño",0.2,0,0.6
"2034","cárcel",-0.6,-0.4,0.6
"2035","tradicionalmente",0.4,0,-0.2
"2036","manifestar",0,0.6,0.4
"2037","invisible",0,0,0.6
"2038","propuesta",0.6,0.8,0.2
"2039","universitario",0.8,0.6,0.8
"2040","paular",0,0,-0.6
"2041","divertir",0.8,0.8,0.4
"2042","rueda",0.4,0.6,1
"2043","ventaja",0.2,0.4,0
"2044","ubicación",0,-0.4,0.2
"2045","patrimonio",-0.2,0,0.2
"2046","vano",-0.4,-0.4,-0.6
"2047","signo",0.2,-0.2,0.2
"2048","bestia",-0.2,0.4,1
"2049","convento",-0.6,-0.6,1
"2050","pico",0.4,0.6,0.8
"2051","tour",0.6,0.8,0.6
"2052","comprobar",0.6,1,0.4
"2053","estallar",-0.6,1,0.6
"2054","ejercicio",0.4,1,1
"2055","físico",0.4,0.2,0.6
"2056","lloro",-1,0.6,1
"2057","lucir",0.8,0.6,0.6
"2058","insistir",-0.8,1,0.4
"2059","disposición",0.6,0,-0.2
"2060","pobre",-0.8,-0.6,0.8
"2061","escala",0.4,-0.2,0.2
"2062","eje",0.6,-0.2,0.6
"2063","madrugada",0.6,0,0.8
"2064","invitado",0.4,0,0.8
"2065","danzar",0.8,1,0.8
"2066","ciego",-0.4,-0.8,0.6
"2067","jornada",0,0.4,0.4
"2068","enemigo",-0.8,0.2,0.6
"2069","exacto",0.833,0.167,0.667
"2070","adaptar",0.4,0.6,0
"2071","impulso",0.4,0.8,-0.2
"2072","aparato",0.2,-0.4,0.6
"2073","comarca",0.6,-0.6,1
"2074","pelea",-0.833,1,1
"2075","legislatura",-0.167,0,0.667
"2076","explotar",-0.5,1,0.833
"2077","respectivamente",0.167,0,-0.667
"2078","específico",0.333,0,-0.5
"2079","manejar",0.5,1,0.667
"2080","productor",0.4,0.6,0.8
"2081","automóvil",0.8,0.6,1
"2082","toro",0.4,0.6,0.8
"2083","prisa",-0.4,1,1
"2084","posiblemente",0.2,-0.2,-0.4
"2085","aumento",0.2,0.4,0.6
"2086","isleño",0.6,0,0.8
"2087","delante",0.2,0,0.8
"2088","victoria",1,0.6,1
"2089","alzar",0.667,1,1
"2090","material",0,0,0.5
"2091","canto",1,0.833,0.833
"2092","delicado",0.667,0,0.833
"2093","tardar",-0.667,0.167,0.667
"2094","originario",0.2,0.2,0.2
"2095","coincidir",0.8,0.6,0.2
"2096","ensayo",0.6,0.6,0.8
"2097","penetrar",0.2,1,0.8
"2098","candidatura",0.2,0.8,0.2
"2099","talvez",0,0,0
"2100","desesperación",-1,0.6,0.6
"2101","avenida",0,0.6,1
"2102","semifinal",0.6,0.6,0.8
"2103","planear",1,1,0.6
"2104","seguro",0.8,0.8,0.4
"2105","comparar",-0.2,0.4,1
"2106","agradable",1,0.4,0.4
"2107","quebrar",0,1,0.8
"2108","fórmula",0.4,0,0.8
"2109","colectivo",0.4,0.4,0.8
"2110","silueta",0.6,0.2,1
"2111","renunciar",0,0.8,0.8
"2112","supremo",0.8,0,-0.2
"2113","rosa",0.6,0.4,1
"2114","prever",0.6,0.8,0.2
"2115","intervención",0,1,0.2
"2116","despierto",0.2,0.8,0.4
"2117","usuario",0,0.6,0.8
"2118","anciano",0.4,0.2,1
"2119","contratar",0.4,0.8,0.2
"2120","monstruo",-0.571,0.429,1
"2121","restaurante",0.833,0.333,1
"2122","tarde",0.5,0.5,0.833
"2123","humor",0.833,0.833,0.833
"2124","plantar",0.6,0.8,1
"2125","saber",1,0.8,0.8
"2126","bomba",-0.4,0.8,1
"2127","inundar",-0.2,0,1
"2128","cuchillo",-0.2,0.2,1
"2129","homenaje",1,0.8,1
"2130","consolidar",0.4,0.2,0.2
"2131","competir",0.6,1,0.8
"2132","league",0.2,0.2,-0.2
"2133","coste",0.2,-0.2,-0.2
"2134","concentración",0.6,0.6,0.2
"2135","elegido",0.6,0.8,0.8
"2136","definición",0.4,0,-0.2
"2137","exactamente",0.4,0.2,-0.4
"2138","combinar",0.2,0.4,0.2
"2139","ceremonia",0.4,0.2,0.8
"2140","cruz",-0.4,0,1
"2141","criticar",-0.8,0.8,0.6
"2142","inocente",0.6,-0.2,0.8
"2143","palpitar",0.4,0.6,0.4
"2144","ganador",0.8,1,0.8
"2145","celebración",1,0.8,1
"2146","hilo",0,0,1
"2147","pisar",-0.2,0.6,1
"2148","basura",-0.8,-0.2,1
"2149","mueca",0.2,0.6,0.8
"2150","extranjero",0.4,0.2,0.4
"2151","endémico",-0.8,1,0
"2152","bronce",0.2,0,0.8
"2153","pálido",0,-0.2,1
"2154","legislativo",-0.4,0.4,-0.4
"2155","católico",-0.8,-0.4,0.2
"2156","posar",0.4,0.4,0.6
"2157","preocupación",-1,0.6,0.2
"2158","amargo",-1,-0.6,1
"2159","hembra",0.4,-0.4,1
"2160","escoger",0.6,0.8,0.2
"2161","procedente",-0.2,-0.4,0.2
"2162","técnico",0.167,0,0.167
"2163","consuelo",0.333,0,0.333
"2164","confesar",-0.167,0.5,0.167
"2165","pop",0.6,0.6,0.8
"2166","socialista",0.167,0.333,0.5
"2167","español",0.333,0,0.333
"2168","contexto",0,-0.4,0.2
"2169","humedad",-0.4,0,1
"2170","moda",0.2,0.4,0.6
"2171","ganadería",0.2,0,1
"2172","creencia",0.4,0.4,0.2
"2173","correspondiente",0,-0.2,-0.2
"2174","enfermo",-1,-1,0.8
"2175","turístico",0.8,0.2,1
"2176","plataforma",-0.2,0.4,0.4
"2177","clave",0,0.4,0.6
"2178","ánimo",0.4,0.4,0.6
"2179","discurso",0.2,1,1
"2180","internacional",0.4,0,0.8
"2181","hondo",0.2,-0.8,1
"2182","claramente",0.4,-0.4,0
"2183","obligación",-0.4,0.4,0.8
"2184","sal",0.2,0,1
"2185","beneficio",0.8,0.4,0.2
"2186","montañoso",0.6,-0.2,1
"2187","miar",0.2,0.4,-0.4
"2188","sesión",0,0,0.2
"2189","evidente",0,0.2,0.4
"2190","retrato",0,-0.2,1
"2191","permiso",0,0.4,0.8
"2192","destrucción",-0.6,0.6,1
"2193","galería",0,0,1
"2194","cotidiano",0.4,0.6,0.6
"2195","limpiar",0.4,1,1
"2196","autobús",-0.4,0.4,1
"2197","ruina",-0.4,-0.4,1
"2198","atribuir",-0.2,0.2,0
"2199","despues",0.2,-0.2,0.4
"2200","biografiar",0.4,0.2,0.2
"2201","sureste",0,0,0.4
"2202","danza",0.6,0.8,1
"2203","mecanismo",0.4,1,0.8
"2204","cercanía",0.8,0,0.6
"2205","ficción",0.6,0.6,0.8
"2206","escupir",-0.6,1,1
"2207","trozo",-0.2,0.2,1
"2208","niño",0.8,0.6,1
"2209","gastar",-0.4,0.8,1
"2210","instrucción",0.4,1,0.6
"2211","nacionalista",-0.2,0,1
"2212","espiritual",0.4,-1,0.8
"2213","frecuente",0.6,0.2,0.2
"2214","muralla",0.4,-0.6,1
"2215","honor",0.6,-0.4,0.2
"2216","empapar",-0.2,0.2,1
"2217","firma",0.4,0.8,1
"2218","judicial",-0.8,-0.4,0.6
"2219","derrota",-0.8,0.2,1
"2220","ira",-0.8,0.8,0.8
"2221","apoderar",-0.2,0.8,0
"2222","regular",-0.4,-0.2,0.2
"2223","establecimiento",0,-0.4,1
"2224","morder",0,1,1
"2225","rango",0,-0.2,0.4
"2226","tranquilidad",1,0.4,0.8
"2227","derramar",-0.2,1,1
"2228","compromiso",0.8,1,0.6
"2229","positivo",1,1,0.8
"2230","brigada",-0.2,-0.2,0.2
"2231","bit",0.4,0.2,0
"2232","cigarro",-1,-0.6,1
"2233","aburrir",-1,-0.6,1
"2234","empujar",-0.4,1,1
"2235","oración",0.6,0.6,1
"2236","admitir",0.8,1,0.6
"2237","rol",0.4,1,0.8
"2238","insecto",-0.8,0.6,0.8
"2239","atlántico",0.8,0.8,1
"2240","abundante",0.8,0.6,1
"2241","orquesta",1,1,1
"2242","aproximar",0.2,0.6,0.6
"2243","certeza",0.6,0.4,-0.2
"2244","mediterráneo",0.8,0.4,0.6
"2245","diablo",-0.6,0.8,1
"2246","extremo",-0.4,0.4,0.4
"2247","talento",1,1,0.667
"2248","proveniente",0.2,-0.2,0.2
"2249","empleado",-0.6,-0.2,0.8
"2250","naval",0,0.4,1
"2251","curioso",0.8,1,1
"2252","tensión",-1,0,0.8
"2253","representativo",0,0.4,0.2
"2254","noble",1,0.6,0.6
"2255","cerro",0.6,-0.8,1
"2256","conexión",0.8,0.6,0.8
"2257","sumergir",0,0.6,1
"2258","increíble",0.6,0.4,1
"2259","tibio",0.4,-0.4,1
"2260","artista",0.8,1,1
"2261","expansión",0,0.8,0.6
"2262","músico",1,1,1
"2263","cuerda",0,-0.2,1
"2264","paralelo",0,-0.2,0.8
"2265","arreglar",0.8,1,1
"2266","anotar",0,1,0.8
"2267","nuclear",-0.4,0.6,0
"2268","tembloroso",-0.8,0.4,1
"2269","paraíso",1,0.2,0.8
"2270","comunista",0,0.4,0.6
"2271","cintura",0.2,-0.4,1
"2272","liderar",0.4,1,1
"2273","muñeca",1,-0.8,1
"2274","terrestre",0.4,-0.2,1
"2275","equilibrio",0.6,0.6,1
"2276","salvaje",0.4,1,0.8
"2277","estrategia",0.6,1,0.6
"2278","castillo",0.8,-0.4,1
"2279","externo",0,-0.2,0.8
"2280","videojuego",0.6,-0.2,1
"2281","impresión",0,0.6,0.4
"2282","lista",0,-0.2,1
"2283","aguantar",-0.8,0.6,0.8
"2284","guía",0.8,0.8,0.8
"2285","listar",0,1,0.2
"2286","cultivar",1,1,1
"2287","pozo",-0.4,-0.8,1
"2288","prender",0,0.2,0.4
"2289","acomodar",0.6,0.8,0.8
"2290","apartar",0,0.8,1
"2291","circuito",0.2,0,0.6
"2292","absurdo",-0.6,-0.6,0.6
"2293","discutir",-0.8,1,1
"2294","altar",0.2,-0.4,1
"2295","feo",-0.8,-0.6,0.8
"2296","fuertemente",0.2,0.6,0.2
"2297","latín",0.2,-0.2,-0.4
"2298","inspiración",1,1,0.6
"2299","castellano",0.2,0.2,1
"2300","desvanecer",-0.4,0.4,0.4
"2301","discusión",-0.6,1,0.8
"2302","yacer",-0.2,-1,0.8
"2303","gobernador",-0.2,0.6,1
"2304","expulsar",-0.6,1,0.6
"2305","mortal",-0.6,0.6,0.4
"2306","promoción",0.8,0.4,0.2
"2307","estimar",0.4,0.8,0.4
"2308","rasgo",0.2,-0.4,0.6
"2309","cita",0.4,0.6,0.8
"2310","horrible",-1,0.2,1
"2311","fracaso",-1,-0.6,0.4
"2312","amenaza",-0.8,1,1
"2313","admirar",0.8,0.8,1
"2314","varón",0.2,0.2,0.8
"2315","principal",0.4,0.4,0.2
"2316","líneo",0.2,0.2,0.6
"2317","serpiente",-0.2,0.8,0.8
"2318","marqués",0.4,0.2,0.6
"2319","transferir",0.2,0.8,0
"2320","emprender",1,1,0.6
"2321","venganza",-1,1,1
"2322","plazo",-0.4,0,0.4
"2323","reaccionar",-0.4,1,0.6
"2324","conclusión",0.2,0.2,0.8
"2325","avance",1,1,1
"2326","complejo",0.2,0.4,0.2
"2327","rival",-1,0.8,0.4
"2328","atardecer",1,-0.4,1
"2329","barro",-0.2,-0.6,0.8
"2330","ansia",0,0,0.4
"2331","apurar",-0.6,1,0.8
"2332","étnico",0.6,0,0.6
"2333","librar",0.8,1,0.6
"2334","dinastía",-0.2,-0.4,0.2
"2335","botánico",0.8,-0.6,0.4
"2336","cobrar",-0.4,0.8,0.6
"2337","oficio",0.6,1,1
"2338","sincero",1,1,0.8
"2339","querido",1,0.6,1
"2340","responsable",0.6,1,0.8
"2341","cazar",-0.8,1,1
"2342","perfume",1,0,1
"2343","mixto",0.4,0,1
"2344","pelota",-0.2,-0.2,1
"2345","maldito",-1,0.6,0.6
"2346","anhelo",1,0.6,0.6
"2347","furia",-0.8,1,1
"2348","parado",-0.4,-0.2,1
"2349","efectuar",0.2,0.8,0.4
"2350","santo",0.6,0.4,0.8
"2351","repartir",0.4,1,1
"2352","arder",-0.4,0.2,1
"2353","inútil",-0.8,-0.8,1
"2354","inicial",0,0,0
"2355","complicar",-1,0.6,0.2
"2356","vergüenza",-0.4,-0.6,0.8
"2357","metálico",-0.2,-0.4,1
"2358","agudo",-0.2,0.6,0.4
"2359","fácilmente",1,0,0.4
"2360","suroeste",0.2,-0.2,0
"2361","vacio",-1,-0.6,0.8
"2362","violento",-1,1,1
"2363","perfectamente",0.6,0.8,1
"2364","intervenir",0.8,1,1
"2365","cansancio",-0.6,-0.4,1
"2366","pecado",-0.8,0.8,0.8
"2367","túnel",-0.4,-0.2,1
"2368","teniente",-0.4,0.8,1
"2369","ocupación",0.8,1,0.8
"2370","mario",0.6,0.4,0.6
"2371","personal",0.4,0.4,0.4
"2372","profundar",0,1,-0.4
"2373","mina",0.2,-0.4,0.8
"2374","respectivo",0.2,0.4,-0.6
"2375","lamento",-1,1,1
"2376","productor",0.8,1,0.8
"2377","timar",-0.8,1,0.6
"2378","consolar",0.6,1,1
"2379","probable",0.2,0.4,0.4
"2380","relativo",0.2,0,0.4
"2381","medieval",0.2,-0.2,0.4
"2382","significativo",0.8,1,0
"2383","bajo",0,0.2,0.8
"2384","espacial",0.6,-0.2,0.2
"2385","entraña",-1,-0.4,0.8
"2386","dulce",1,-0.2,1
"2387","sigla",0.2,-0.2,0.6
"2388","erigir",0.4,0.8,-0.2
"2389","vídeo",0.6,0.2,1
"2390","laboratorio",-0.2,0.8,1
"2391","niebla",-0.2,0.2,1
"2392","disminuir",-0.6,0.8,0
"2393","azúcar",1,0,1
"2394","cumpleaños",1,0,1
"2395","rumor",-0.4,1,1
"2396","bus",0,0.4,1
"2397","deuda",-0.8,-0.2,0.8
"2398","ejecución",0.4,0.8,0.8
"2399","funcionamiento",0.8,1,0.6
"2400","vapor",0,0.4,0.8
"2401","continente",0,-0.4,0.8
"2402","disimular",-0.2,0.4,0.6
"2403","paciente",0,-0.6,0.8
"2404","salto",0.4,0.8,0.6
"2405","instinto",0.6,0.8,0.2
"2406","mañana",0.8,0.8,0.8
"2407","infante",0.6,0.2,0.2
"2408","solar",0.6,0.2,0.4
"2409","tarjeta",0.2,0,1
"2410","software",0.2,0.6,0.2
"2411","agujero",-0.6,-0.4,0.8
"2412","crédito",0,0.4,0.8
"2413","carecer",-0.8,0,0.4
"2414","manga",0,-0.4,0.6
"2415","manifestación",0.2,1,0.8
"2416","cortina",0.2,-0.4,0.8
"2417","tropezar",-0.6,0.4,1
"2418","humilde",1,0,0.4
"2419","rozar",0.6,1,0.8
"2420","tragar",-0.2,0.6,0.8
"2421","desplazar",0,0.8,0
"2422","placa",0.2,-0.2,0.2
"2423","seleccionar",0.4,1,0.6
"2424","lecho",0.2,-0.4,0.6
"2425","totalidad",0.4,0,0
"2426","rabia",-1,0.2,0.8
"2427","creador",0.6,1,0.6
"2428","desprender",-0.2,0.6,0.4
"2429","revolucionario",0.8,1,0.2
"2430","sillón",0.8,-0.6,1
"2431","incrementar",0,0.8,0.4
"2432","saco",0.2,-0.2,1
"2433","enloquecer",-1,0.4,0.2
"2434","guerrero",-0.4,1,1
"2435","relativamente",0.2,0.2,0
"2436","sombrero",0.2,-0.4,1
"2437","rastro",0,0,1
"2438","camión",0.4,0.4,1
"2439","encargado",0.4,0.8,0.6
"2440","ducado",-0.2,0.2,-0.6
"2441","baloncesto",1,1,1
"2442","inteligente",1,0.8,0.4
"2443","aerolínea",0.6,0.2,0.6
"2444","mudar",0,1,0.8
"2445","depresión",-0.8,-0.4,0.8
"2446","referenciar",0,1,-0.4
"2447","senador",0,0.2,0.6
"2448","bola",0.2,0.2,1
"2449","recinto",0.4,0,0.8
"2450","sobrino",1,0.6,1
"2451","lastimar",-1,1,0.8
"2452","cinta",0,0,0.8
"2453","atlético",1,1,1
"2454","noroeste",0,-0.2,0.6
"2455","rocío",0.6,-0.2,0.8
"2456","dragón",0.2,0.8,1
"2457","frágil",0.2,-0.2,0.6
"2458","explosión",-0.4,1,1
"2459","aviación",0.8,0.6,1
"2460","cumbre",0.6,0.2,1
"2461","intensidad",0,0.2,-0.2
"2462","traducción",-0.2,0.4,0.2
"2463","grueso",-0.167,0.167,1
"2464","nido",0.833,0.667,1
"2465","empresario",0.167,0.833,0.667
"2466","resolución",0.333,0.5,0.333
"2467","popularidad",0.333,0.5,0.5
"2468","conferencia",0.333,0.833,0.833
"2469","norma",0.167,-0.167,0.167
"2470","interminable",0,0.333,0.667
"2471","mandato",0,0.333,0.333
"2472","temprano",0.5,0.5,0.833
"2473","componente",0,0.167,0.167
"2474","duración",0,0.167,-0.333
"2475","marchito",-0.333,-0.667,1
"2476","incendio",-0.833,1,1
"2477","distante",-0.6,0,0.6
"2478","demanda",-0.4,0.8,0.2
"2479","adaptación",0.4,0.4,-0.2
"2480","vereda",0,-0.4,0.8
"2481","centímetro",0,0,1
"2482","jazz",0.4,0.4,0.8
"2483","costo",0,-0.2,0.4
"2484","fuerte",0.8,0.6,1
"2485","visible",0.2,0.8,0.4
"2486","cena",0.8,0.6,1
"2487","tubo",0,-0.2,0.8
"2488","billete",0.6,0,0.8
"2489","sinopsis",0.6,0.6,0.4
"2490","artificial",-0.6,-0.4,0.8
"2491","cómic",0.6,0.6,1
"2492","suavemente",0.8,0.8,0.8
"2493","ingeniería",0,0.4,0
"2494","pasaje",0.6,0.2,1
"2495","combinación",0,0.4,0
"2496","turno",-0.4,-0.4,0.2
"2497","seno",0.4,-0.6,0.8
"2498","hierba",1,0,1
"2499","circular",0.2,0.4,0.2
"2500","incapaz",-0.8,-0.8,0
"2501","orar",-0.2,0.6,0.6
"2502","socio",0,0.6,0.4
"2503","aportar",0.4,1,0.4
"2504","democracia",1,0.8,-0.2
"2505","guitarrista",0.8,0.8,1
"2506","escritura",0.6,0.8,0.8
"2507","ampliar",0.8,0.6,0.4
"2508","sed",-0.6,0,0.2
"2509","alegrar",0.6,0.8,0.4
"2510","emisión",0.2,0.6,-0.2
"2511","tráfico",-0.6,0.2,1
"2512","convocar",0.4,0.8,0.6
"2513","espectador",0.2,-0.6,1
"2514","caro",-1,-0.4,0.6
"2515","desgracia",-0.8,-0.2,0.8
"2516","transmisión",0,0.6,-0.2
"2517","líquido",0.4,0.4,1
"2518","confusión",0,0.2,0.2
"2519","fachada",-0.2,-0.2,0.2
"2520","matemático",0.2,0.2,0.6
"2521","digital",0.2,0.2,0.4
"2522","campana",0.2,0.6,1
"2523","extraordinario",0.8,0.6,0.6
"2524","piloto",0.2,0.4,0
"2525","aeronave",0.2,0.4,0.6
"2526","pasajero",0.6,0.2,0.8
"2527","fugaz",0.6,0.2,0.4
"2528","apellido",0,-0.4,1
"2529","sujeto",0.4,0.4,0.8
"2530","mismo",0.2,0,0
"2531","chocolate",1,-0.2,1
"2532","vengar",-0.6,0.6,0.8
"2533","chocar",-0.6,1,1
"2534","tiro",-0.4,0.6,0.8
"2535","web",0.6,0.4,0.6
"2536","quieto",0,-1,0.4
"2537","vomitar",-1,1,1
"2538","quizas",0,-0.2,-0.2
"2539","amado",1,0.2,0.4
"2540","disparo",-0.4,0.6,1
"2541","alcance",0,0,0
"2542","presidencial",0,-0.4,0.6
"2543","era",0.4,-0.4,-0.4
"2544","sábana",0.8,-0.4,1
"2545","frecuentemente",0.2,0.4,0
"2546","intelectual",0.6,-0.2,1
"2547","ceniza",-0.2,-0.4,1
"2548","territorial",-0.2,0.4,-0.2
"2549","percatar",0.2,0.8,0
"2550","music",0.6,0.4,0.6
"2551","colonial",0.4,0.2,1
"2552","proclamar",0.4,1,0.4
"2553","acumular",0,1,0.8
"2554","enfrentamiento",-0.6,0.8,0.8
"2555","natural",0.8,-0.2,0.8
"2556","mando",0.2,0.6,0.8
"2557","paloma",0.6,0.4,1
"2558","vas",0.4,0.8,0.2
"2559","pétalo",1,-0.4,1
"2560","acelerar",0.4,1,0.6
"2561","funcionario",-0.2,0.2,0.2
"2562","almohada",0.8,-0.2,1
"2563","particularmente",0.2,0.4,-0.6
"2564","vital",0.8,0.6,0.2
"2565","liberación",1,1,0.4
"2566","profundo",0.4,0.6,0.6
"2567","sustancia",0,-0.6,0
"2568","cáncer",-0.8,-0.2,0.6
"2569","nervio",-0.4,-0.4,0.4
"2570","reina",0.6,0.2,1
"2571","manzana",1,-0.4,1
"2572","encanto",0.6,-0.2,0.2
"2573","doblar",0.2,0.8,0.8
"2574","etimología",0.2,0.4,-0.2
"2575","américa",0.4,0,1
"2576","informe",-0.2,-0.2,-0.6
"2577","consumo",-0.4,0.8,0.4
"2578","armonía",1,-0.4,0.6
"2579","sediento",-0.6,0.4,1
"2580","voltear",0.2,1,0.8
"2581","gordo",-0.2,-0.2,1
"2582","barrera",-0.2,-0.4,1
"2583","aceite",0,-0.4,1
"2584","impregnar",0.6,0.8,0.6
"2585","observación",0.8,0.4,0.6
"2586","parlamento",0.6,0.4,0.8
"2587","delito",-0.4,0.8,1
"2588","tapar",0,0.8,0.8
"2589","paquete",0.2,-0.2,1
"2590","consciente",0.4,0.4,0
"2591","fusionar",0.6,1,0.4
"2592","deje",0.2,-0.2,-0.4
"2593","trago",0.2,-0.2,1
"2594","feria",0.6,-0.2,1
"2595","sorbo",0.2,0,1
"2596","empleo",0.8,1,0.6
"2597","debe",-0.2,0,-0.6
"2598","conservación",0,0.4,0.2
"2599","helar",0.2,0.6,0.8
"2600","uña",-0.4,-1,1
"2601","cristiano",-0.2,0,0.8
"2602","hada",0.8,0.4,1
"2603","aislar",0,0.6,0.6
"2604","ahi",-0.2,0.2,0.4
"2605","inocencia",0.6,-0.4,0.4
"2606","destrozar",-0.2,1,0.8
"2607","verso",0.4,-0.2,0.2
"2608","microsoft",0,0.2,0.8
"2609","culto",-0.6,0.6,0.8
"2610","archivo",0.2,-0.4,0.6
"2611","ejemplar",0.8,0,0.4
"2612","misa",-0.4,-0.6,0.8
"2613","procedimiento",0,-0.2,0.2
"2614","fusión",0.4,0.8,0.2
"2615","manto",0.6,-0.4,1
"2616","navegar",1,0.6,1
"2617","educativo",0.2,0,1
"2618","curar",0.8,0.8,1
"2619","plano",0.2,-0.6,1
"2620","suspender",0,0,-0.4
"2621","castigo",-1,0.8,1
"2622","boda",0.6,0.4,1
"2623","picar",-0.2,0.8,0.6
"2624","llamada",0,0.8,1
"2625","toclop",0,0,-1
"2626","esfumar",0.2,0.8,0.6
"2627","argumentar",0.4,1,0.6
"2628","índice",0.2,0.2,0.6
"2629","calcular",0.4,0.6,1
"2630","escalofrío",-0.4,0.6,0.8
"2631","tonto",-0.4,0.4,0.8
"2632","pulmón",0,0.2,1
"2633","primero",0.8,0.4,0.2
"2634","tela",0.6,-0.4,1
"2635","lleno",0.2,0,0.8
"2636","realista",0.6,0.6,0.4
"2637","palma",0.2,0,1
"2638","colonia",0,-0.2,0.4
"2639","falda",-0.2,-0.4,1
"2640","entrevista",-0.2,0.6,0.6
"2641","montón",0.4,0,0.6
"2642","sacrificio",0,0.4,0.4
"2643","práctica",0.6,1,0.6
"2644","perciforme",0.4,-0.4,0
"2645","agrupación",0.4,0.4,1
"2646","asistencia",0.6,0.6,0.6
"2647","navidad",1,-0.8,0.8
"2648","penumbra",-0.2,-0.6,0.2
"2649","extraer",0,1,0.8
"2650","separación",-0.4,0.8,0.4
"2651","conducta",0,0.4,-0.2
"2652","digno",1,0.4,0
"2653","templar",0.6,0.8,0.4
"2654","tronco",0.2,-0.2,1
"2655","grita",-0.2,0.4,0.4
"2656","estómago",0,-0.2,0.6
"2657","atmósfera",0.4,0,-0.2
"2658","escritorio",0.2,-0.4,1
"2659","paciente",0.4,-0.2,1
"2660","añorar",-0.4,0.2,0.4
"2661","fundir",-0.2,0.6,0.8
"2662","rico",0.6,0.2,1
"2663","adornar",0.8,0.8,1
"2664","pasajero",0.2,-0.2,0.2
"2665","lateral",0,-0.2,-0.4
"2666","programación",0.6,0.6,0.6
"2667","maria",-0.2,-0.2,0
"2668","dictadura",-0.8,0.8,0.4
"2669","global",0,-0.2,0.8
"2670","proteína",0.2,0.6,-0.8
"2671","ansiedad",-1,0.8,0.6
"2672","explotación",-0.6,1,1
"2673","exterior",0.4,-0.2,1
"2674","vegetación",0.8,-0.2,1
"2675","miseria",-0.8,-0.2,0.8
"2676","culpable",-0.6,0.6,0
"2677","claridad",0.8,-0.2,1
"2678","secreto",-0.2,0.2,0.6
"2679","naranja",0.8,0.2,1
"2680","teatral",0.2,0.8,0.8
"2681","caza",-0.4,0.8,1
"2682","gigante",-0.2,-0.2,1
"2683","examen",-0.4,0,1
"2684","plantear",0,0.8,0.6
"2685","asignar",0,0.8,-0.2
"2686","amanecer",1,0.4,1
"2687","fallar",-1,0.6,0.8
"2688","corriente",0.2,0.2,0.4
"2689","sera",0.2,-0.2,0.8
"2690","deshacer",-0.2,0.8,0.4
"2691","celo",-0.4,0.2,0.4
"2692","jurídico",-0.2,-0.4,0.2
"2693","primitivo",-0.2,-0.4,0.4
"2694","rescatar",0.6,1,1
"2695","sollozo",-1,0.2,1
"2696","gobernación",0,0.2,-0.2
"2697","agotar",-0.4,-0.2,0.2
"2698","bala",-0.4,0.6,1
"2699","partícula",0.4,0.4,-0.6
"2700","mudo",-0.6,-1,1
"2701","regimiento",0.2,0.4,0.8
"2702","revisar",-0.2,0.2,0.2
"2703","volcán",0,0.4,1
"2704","transformación",0.2,0.8,0
"2705","pastor",0.6,0,0.6
"2706","dañar",-1,1,0.4
"2707","agonía",-0.8,0.6,0.2
"2708","lástima",-0.4,-0.2,0.2
"2709","diámetro",0,-0.2,0.8
"2710","hermanar",1,0.4,-0.4
"2711","espina",-0.6,-0.2,1
"2712","computador",0.6,0.6,0.6
"2713","esfera",0.2,0,1
"2714","bandera",0.4,-0.4,0.8
"2715","castigar",-1,1,1
"2716","influir",0.4,0.8,0.6
"2717","super",0.6,0.6,0.4
"2718","prolongar",-0.2,0.6,0
"2719","desnudar",0.6,1,1
"2720","masivo",-0.2,0.2,0.8
"2721","ligeramente",0.2,0.2,0
"2722","hueco",-0.2,0,0.6
"2723","analizar",0,1,0.4
"2724","alrededor",0.2,-0.4,0.4
"2725","defecto",-0.4,-0.2,1
"2726","realización",0.8,0.8,0.4
"2727","penar",-0.8,0.4,0.8
"2728","tragedia",-1,0.2,0.6
"2729","compra",0.4,1,1
"2730","gigante",0,0.4,1
"2731","residencia",0.6,0,0.8
"2732","diálogo",1,1,1
"2733","datar",0,0.8,0.4
"2734","rebelión",-0.4,1,1
"2735","investigador",0.4,0.6,1
"2736","afuera",0.2,-0.2,0.8
"2737","dvd",0.2,-0.2,1
"2738","film",0.8,0.2,1
"2739","caos",-0.4,0,0.4
"2740","administrativo",-0.2,-1,0
"2741","inversión",0.2,0.8,0.6
"2742","señorito",0.2,0.2,1
"2743","guiar",0.4,1,1
"2744","correo",0,0,0.8
"2745","bebé",0.6,0.4,1
"2746","enojar",-0.6,0.8,0.4
"2747","juzgar",0,0.6,0.4
"2748","juvenil",0.6,-0.2,0.6
"2749","constantemente",0,-0.2,-0.4
"2750","poblado",0,0,0.8
"2751","antigüedad",0,-0.6,0.4
"2752","nadar",0.8,1,1
"2753","respectar",0,0.2,-1
"2754","resignar",-0.4,0,-0.4
"2755","inmóvil",0,-1,0.4
"2756","masculino",0.2,-0.4,0.4
"2757","anhelar",0.2,0.4,-0.2
"2758","músculo",0.2,0.2,0.8
"2759","influenciar",-0.2,0.8,0.2
"2760","top",0.2,-0.4,0.4
"2761","vecino",0.4,0,0.6
"2762","infantería",0,0.6,0.6
"2763","remedio",0,0,1
"2764","esencial",0.2,-0.2,-0.4
"2765","quinto",0,0.2,0
"2766","narrar",0.6,1,1
"2767","luminoso",0.8,0,0.8
"2768","trasero",-0.2,-0.4,0.4
"2769","tornar",0,1,-0.2
"2770","platicar",0.4,0.8,1
"2771","cinematográfico",0.8,0.4,0.6
"2772","anoche",0.6,-0.2,0.6
"2773","experimento",0.2,0.6,0.6
"2774","forestal",0.8,0.2,0.8
"2775","fragmento",0.4,-0.4,0.2
"2776","alternativa",0.6,0.4,-0.4
"2777","queso",0.8,-0.2,1
"2778","inmensidad",0.6,-0.2,-0.6
"2779","gloria",0.8,0.2,0
"2780","sentencia",-0.2,0,0.2
"2781","exclusivamente",0.2,0,-0.6
"2782","estrecho",0,-0.2,0.6
"2783","adicional",0.2,0,-0.2
"2784","útil",1,0.8,0.2
"2785","adorar",0.4,0.8,0.6
"2786","variación",0.4,0.4,0
"2787","aparentemente",0.2,-0.2,-0.2
"2788","entrenamiento",0.2,0.6,0.8
"2789","marítimo",0.4,0.2,0.6
"2790","inevitable",0.2,0,0.2
"2791","llanura",0.6,-0.8,1
"2792","estan",0,0.2,0.4
"2793","mariano",0.2,-0.2,-0.2
"2794","prisionero",-0.8,-0.4,1
"2795","absolutamente",0.2,-0.2,-0.4
"2796","sabiduría",1,0,0.4
"2797","concilio",0.6,0.2,0.2
"2798","ejecutivo",0.2,0.4,0.6
"2799","subespecie",0,-0.4,-0.6
"2800","iniciativa",0.8,0.8,0.8
"2801","suspirar",0.6,0.6,1
"2802","veneno",-0.6,-0.2,1
"2803","largar",-0.2,0.8,1
"2804","influyente",-0.2,1,0.4
"2805","sutil",0.6,-0.4,0
"2806","exclamar",0,1,0.8
"2807","ardiente",0.2,0.2,0.8
"2808","estrecho",0,-0.4,0.8
"2809","euro",0.2,-0.2,0.8
"2810","objetivo",0.6,0.4,0.8
"2811","facilitar",0.4,0.8,0.2
"2812","sedar",0,0.4,1
"2813","profesión",0.2,0.2,0.6
"2814","septentrional",0.2,-0.4,0.2
"2815","investigar",0.8,1,1
"2816","campamento",0.8,0.2,1
"2817","horror",-0.4,0,1
"2818","subtropical",0.4,-0.6,0.6
"2819","cerdo",0.2,0.2,1
"2820","postura",0,-0.2,1
"2821","barra",-0.2,-0.2,0.8
"2822","perspectiva",0.6,0.2,0.2
"2823","esclavo",-0.8,0,1
"2824","absorber",0.2,0.8,1
"2825","responsable",0.8,0.6,0.6
"2826","chico",0.4,0,1
"2827","ansioso",0,0.2,0.8
"2828","cero",-0.4,-0.2,1
"2829","deja",0,0.2,0.2
"2830","enamorado",1,0.6,1
"2831","sinfónico",0.8,0,0.4
"2832","caballería",0.8,0.6,1
"2833","amoroso",1,0.8,1
"2834","sabana",0.4,-0.4,0.8
"2835","contraer",-0.2,0.6,0.4
"2836","visual",0.4,-0.4,-0.2
"2837","vincular",0.6,0.6,0
"2838","terremoto",-1,0.8,0.8
"2839","licenciar",0.4,0.4,-0.4
"2840","republicano",0.2,0.2,0
"2841","giro",0,0.2,0.2
"2842","elegante",1,0,1
"2843","aguar",-0.4,0.2,0
"2844","melancolía",-1,-0.4,0.6
"2845","comparación",-0.2,0.8,0.4
"2846","miembro",0.2,0,0.6
"2847","ángulo",-0.2,-0.6,1
"2848","atracción",1,0.8,0.6
"2849","reojo",-0.2,0.4,0.8
"2850","significado",0.4,0.2,0.8
"2851","congelar",-0.6,0,1
"2852","pistola",-1,0.6,1
"2853","amable",1,1,1
"2854","comedia",1,0.4,0.8
"2855","central",-0.2,-0.4,0.6
"2856","doloroso",-1,1,1
"2857","facilidad",1,-0.6,1
"2858","sublime",1,-0.2,0.2
"2859","prado",0.8,-0.8,1
"2860","tejer",0.4,1,1
"2861","flujo",0.2,0.4,0.8
"2862","enfermero",-0.2,0.8,1
"2863","paciencia",0.8,0,1
"2864","térmico",0.6,0.8,0.8
"2865","civilización",0.6,0.6,1
"2866","introducción",0,0.2,0.6
"2867","pionero",0.8,1,0.4
"2868","ramal",0,0,0.6
"2869","peña",0.4,0.2,1
"2870","angel",1,0.4,0.8
"2871","rubio",0.2,0,1
"2872","cajón",0,-0.2,1
"2873","restauración",0.6,1,0.8
"2874","lógica",0.4,0.6,0.6
"2875","that",0,0.2,0.4
"2876","sien",0,0.2,1
"2877","contento",1,0.4,1
"2878","administrativo",-0.2,0.4,0.2
"2879","taxi",0,0.8,1
"2880","petición",0,0.8,0
